Workbook

Sheet 0. 표지
K3: 문서번호 | L3: CHECKBANG-CA-2026-002
K4: 작성자 | L4: 취약점진단팀
K5: 보안등급 | L5: Confidential
K6: Ver | L6: ver 1.0
B11: "Check방" 취약점 진단
B13: Unix 서버 이행점검 결과
B18: 46189

Sheet 1. 진단 대상
B1: ※ 진단 대상 리스트 - 서버 1대 (Unix 1대)
B2: 순번 | C2: 진단 대상 | G2: 비고
C3: Hostname | D3: IP Address | E3: 버전정보 | F3: 용도
B4: Linux
B5: 1 | C5: ip-10-0-9-57.ec2.internal | D5: 10.0.9.57 | E5: amazon-linux-2023 | F5: WAS

Sheet 2-1. 요약결과(그래프)
F2: 항목별 양호 비율
B4: 진단 도메인 | C4: 평균 점수
B5: ='2-2. 요약 진단결과(Unix)'!B6 -> 1. 계정 관리 | C5: ='2-2. 요약 진단결과(Unix)'!H6 -> 1
B6: ='2-2. 요약 진단결과(Unix)'!B19 -> 2. 파일 및 디렉토리 관리 | C6: ='2-2. 요약 진단결과(Unix)'!H19 -> 1
B7: ='2-2. 요약 진단결과(Unix)'!B39 -> 3. 서비스 관리 | C7: ='2-2. 요약 진단결과(Unix)'!H39 -> 1
B8: ='2-2. 요약 진단결과(Unix)'!B69 -> 4. 패치 관리 | C8: ='2-2. 요약 진단결과(Unix)'!H69 -> 0
B9: ='2-2. 요약 진단결과(Unix)'!B70 -> 5. 로그 관리 | C9: ='2-2. 요약 진단결과(Unix)'!H70 -> 1
F16: 양호 / 취약 / N/A 비율
B18: 상태 | C18: 개수
B19: 양호 | C19: =SUM('2-2. 요약 진단결과(Unix)'!J:J) -> 54
B20: 취약 | C20: =SUM('2-2. 요약 진단결과(Unix)'!K:K) -> 1
B21: N/A | C21: =SUM('2-2. 요약 진단결과(Unix)'!L:L) -> 12
F32: 영역별 취약 수
B34: 영역 | C34: 취약 수
B35: 계정 관리 | C35: =SUM('2-2. 요약 진단결과(Unix)'!K6:K18) -> 0
B36: 파일 및 디렉토리 관리 | C36: =SUM('2-2. 요약 진단결과(Unix)'!K19:K38) -> 0
B37: 서비스 관리 | C37: =SUM('2-2. 요약 진단결과(Unix)'!K39:K68) -> 0
B38: 패치 관리 | C38: =SUM('2-2. 요약 진단결과(Unix)'!K69) -> 1
B39: 로그 관리 | C39: =SUM('2-2. 요약 진단결과(Unix)'!K70:K72) -> 0

Sheet 2-2. 요약 진단결과(Unix)
B2: Unix 취약점 진단 요약결과(67항목)
B3: 진단항목 | C3: No. | D3: 세부 진단항목 | E3: 중 요 도 | F3: 1
F4: =VLOOKUP(F$3,'1. 진단 대상'!$B5:$F$5,2,FALSE()) -> ip-10-0-9-57.ec2.internal
F5: =VLOOKUP(F$3,'1. 진단 대상'!$B5:$F$5,3,FALSE()) -> 10.0.9.57 | H5: 영역별점수 | I5: 점수 | J5: 양호 | K5: 취약 | L5: N/A
B6: 1. 계정 관리 | C6: U-01 | D6: root 계정 원격 접속 제한 | E6: 상 | F6: 양호 | H6: =IF(COUNTIF(I6:I18,"N/A")=COUNTA(I6:I18),"N/A",AVERAGE(I6:I18)) -> 1 | I6: =IF(COUNTIF($F6:$F6,"N/A")=COUNTA($F6:$F6),"N/A",$J6/(COUNTA($F6:$F6)-$L6)) -> 1 | J6: =COUNTIF($F6:$F6,"양호") -> 1 | K6: =COUNTIF($F6:$F6,"취약") -> 0 | L6: =COUNTIF($F6:$F6,"N/A") -> 0
C7: U-02 | D7: 비밀번호 관리정책 설정 | E7: 상 | F7: 양호 | I7: =IF(COUNTIF($F7:$F7,"N/A")=COUNTA($F7:$F7),"N/A",$J7/(COUNTA($F7:$F7)-$L7)) -> 1 | J7: =COUNTIF($F7:$F7,"양호") -> 1 | K7: =COUNTIF($F7:$F7,"취약") -> 0 | L7: =COUNTIF($F7:$F7,"N/A") -> 0
C8: U-03 | D8: 계정 잠금 임계값 설정 | E8: 상 | F8: 양호 | I8: =IF(COUNTIF($F8:$F8,"N/A")=COUNTA($F8:$F8),"N/A",$J8/(COUNTA($F8:$F8)-$L8)) -> 1 | J8: =COUNTIF($F8:$F8,"양호") -> 1 | K8: =COUNTIF($F8:$F8,"취약") -> 0 | L8: =COUNTIF($F8:$F8,"N/A") -> 0
C9: U-04 | D9: 비밀번호 파일 보호 | E9: 상 | F9: 양호 | I9: =IF(COUNTIF($F9:$F9,"N/A")=COUNTA($F9:$F9),"N/A",$J9/(COUNTA($F9:$F9)-$L9)) -> 1 | J9: =COUNTIF($F9:$F9,"양호") -> 1 | K9: =COUNTIF($F9:$F9,"취약") -> 0 | L9: =COUNTIF($F9:$F9,"N/A") -> 0
C10: U-05 | D10: root 이외의 UID가 '0' 금지 | E10: 상 | F10: 양호 | I10: =IF(COUNTIF($F10:$F10,"N/A")=COUNTA($F10:$F10),"N/A",$J10/(COUNTA($F10:$F10)-$L10)) -> 1 | J10: =COUNTIF($F10:$F10,"양호") -> 1 | K10: =COUNTIF($F10:$F10,"취약") -> 0 | L10: =COUNTIF($F10:$F10,"N/A") -> 0
C11: U-06 | D11: 사용자 계정 su 기능 제한 | E11: 상 | F11: 양호 | I11: =IF(COUNTIF($F11:$F11,"N/A")=COUNTA($F11:$F11),"N/A",$J11/(COUNTA($F11:$F11)-$L11)) -> 1 | J11: =COUNTIF($F11:$F11,"양호") -> 1 | K11: =COUNTIF($F11:$F11,"취약") -> 0 | L11: =COUNTIF($F11:$F11,"N/A") -> 0
C12: U-07 | D12: 불필요한 계정 제거 | E12: 하 | F12: 양호 | I12: =IF(COUNTIF($F12:$F12,"N/A")=COUNTA($F12:$F12),"N/A",$J12/(COUNTA($F12:$F12)-$L12)) -> 1 | J12: =COUNTIF($F12:$F12,"양호") -> 1 | K12: =COUNTIF($F12:$F12,"취약") -> 0 | L12: =COUNTIF($F12:$F12,"N/A") -> 0
C13: U-08 | D13: 관리자 그룹에 최소한의 계정 포함 | E13: 중 | F13: 양호 | I13: =IF(COUNTIF($F13:$F13,"N/A")=COUNTA($F13:$F13),"N/A",$J13/(COUNTA($F13:$F13)-$L13)) -> 1 | J13: =COUNTIF($F13:$F13,"양호") -> 1 | K13: =COUNTIF($F13:$F13,"취약") -> 0 | L13: =COUNTIF($F13:$F13,"N/A") -> 0
C14: U-09 | D14: 계정이 존재하지 않는 GID 금지 | E14: 하 | F14: 양호 | I14: =IF(COUNTIF($F14:$F14,"N/A")=COUNTA($F14:$F14),"N/A",$J14/(COUNTA($F14:$F14)-$L14)) -> 1 | J14: =COUNTIF($F14:$F14,"양호") -> 1 | K14: =COUNTIF($F14:$F14,"취약") -> 0 | L14: =COUNTIF($F14:$F14,"N/A") -> 0
C15: U-10 | D15: 동일한 UID 금지 | E15: 중 | F15: 양호 | I15: =IF(COUNTIF($F15:$F15,"N/A")=COUNTA($F15:$F15),"N/A",$J15/(COUNTA($F15:$F15)-$L15)) -> 1 | J15: =COUNTIF($F15:$F15,"양호") -> 1 | K15: =COUNTIF($F15:$F15,"취약") -> 0 | L15: =COUNTIF($F15:$F15,"N/A") -> 0
C16: U-11 | D16: 사용자 Shell 점검 | E16: 하 | F16: 양호 | I16: =IF(COUNTIF($F16:$F16,"N/A")=COUNTA($F16:$F16),"N/A",$J16/(COUNTA($F16:$F16)-$L16)) -> 1 | J16: =COUNTIF($F16:$F16,"양호") -> 1 | K16: =COUNTIF($F16:$F16,"취약") -> 0 | L16: =COUNTIF($F16:$F16,"N/A") -> 0
C17: U-12 | D17: 세션 종료 시간 설정 | E17: 하 | F17: 양호 | I17: =IF(COUNTIF($F17:$F17,"N/A")=COUNTA($F17:$F17),"N/A",$J17/(COUNTA($F17:$F17)-$L17)) -> 1 | J17: =COUNTIF($F17:$F17,"양호") -> 1 | K17: =COUNTIF($F17:$F17,"취약") -> 0 | L17: =COUNTIF($F17:$F17,"N/A") -> 0
C18: U-13 | D18: 안전한 비밀번호 암호화 알고리즘 사용 | E18: 중 | F18: 양호 | I18: =IF(COUNTIF($F18:$F18,"N/A")=COUNTA($F18:$F18),"N/A",$J18/(COUNTA($F18:$F18)-$L18)) -> 1 | J18: =COUNTIF($F18:$F18,"양호") -> 1 | K18: =COUNTIF($F18:$F18,"취약") -> 0 | L18: =COUNTIF($F18:$F18,"N/A") -> 0
B19: 2. 파일 및 디렉토리 관리 | C19: U-14 | D19: root 홈, 패스 디렉터리 권한 및 패스 설정 | E19: 상 | F19: 양호 | H19: =IF(COUNTIF(I19:I38,"N/A")=COUNTA(I19:I38),"N/A",AVERAGE(I19:I38)) -> 1 | I19: =IF(COUNTIF($F19:$F19,"N/A")=COUNTA($F19:$F19),"N/A",$J19/(COUNTA($F19:$F19)-$L19)) -> 1 | J19: =COUNTIF($F19:$F19,"양호") -> 1 | K19: =COUNTIF($F19:$F19,"취약") -> 0 | L19: =COUNTIF($F19:$F19,"N/A") -> 0
C20: U-15 | D20: 파일 및 디렉터리 소유자 설정 | E20: 상 | F20: 양호 | I20: =IF(COUNTIF($F20:$F20,"N/A")=COUNTA($F20:$F20),"N/A",$J20/(COUNTA($F20:$F20)-$L20)) -> 1 | J20: =COUNTIF($F20:$F20,"양호") -> 1 | K20: =COUNTIF($F20:$F20,"취약") -> 0 | L20: =COUNTIF($F20:$F20,"N/A") -> 0
C21: U-16 | D21: /etc/passwd 파일 소유자 및 권한 설정 | E21: 상 | F21: 양호 | I21: =IF(COUNTIF($F21:$F21,"N/A")=COUNTA($F21:$F21),"N/A",$J21/(COUNTA($F21:$F21)-$L21)) -> 1 | J21: =COUNTIF($F21:$F21,"양호") -> 1 | K21: =COUNTIF($F21:$F21,"취약") -> 0 | L21: =COUNTIF($F21:$F21,"N/A") -> 0
C22: U-17 | D22: 시스템 시작 스크립트 권한 설정 | E22: 상 | F22: 양호 | I22: =IF(COUNTIF($F22:$F22,"N/A")=COUNTA($F22:$F22),"N/A",$J22/(COUNTA($F22:$F22)-$L22)) -> 1 | J22: =COUNTIF($F22:$F22,"양호") -> 1 | K22: =COUNTIF($F22:$F22,"취약") -> 0 | L22: =COUNTIF($F22:$F22,"N/A") -> 0
C23: U-18 | D23: /etc/shadow 파일 소유자 및 권한 설정 | E23: 상 | F23: 양호 | I23: =IF(COUNTIF($F23:$F23,"N/A")=COUNTA($F23:$F23),"N/A",$J23/(COUNTA($F23:$F23)-$L23)) -> 1 | J23: =COUNTIF($F23:$F23,"양호") -> 1 | K23: =COUNTIF($F23:$F23,"취약") -> 0 | L23: =COUNTIF($F23:$F23,"N/A") -> 0
C24: U-19 | D24: /etc/hosts 파일 소유자 및 권한 설정 | E24: 상 | F24: 양호 | I24: =IF(COUNTIF($F24:$F24,"N/A")=COUNTA($F24:$F24),"N/A",$J24/(COUNTA($F24:$F24)-$L24)) -> 1 | J24: =COUNTIF($F24:$F24,"양호") -> 1 | K24: =COUNTIF($F24:$F24,"취약") -> 0 | L24: =COUNTIF($F24:$F24,"N/A") -> 0
C25: U-20 | D25: /etc/(x)inetd.conf 파일 소유자 및 권한 설정 | E25: 상 | F25: 양호 | I25: =IF(COUNTIF($F25:$F25,"N/A")=COUNTA($F25:$F25),"N/A",$J25/(COUNTA($F25:$F25)-$L25)) -> 1 | J25: =COUNTIF($F25:$F25,"양호") -> 1 | K25: =COUNTIF($F25:$F25,"취약") -> 0 | L25: =COUNTIF($F25:$F25,"N/A") -> 0
C26: U-21 | D26: /etc/(r)syslog.conf 파일 소유자 및 권한 설정 | E26: 상 | F26: 양호 | I26: =IF(COUNTIF($F26:$F26,"N/A")=COUNTA($F26:$F26),"N/A",$J26/(COUNTA($F26:$F26)-$L26)) -> 1 | J26: =COUNTIF($F26:$F26,"양호") -> 1 | K26: =COUNTIF($F26:$F26,"취약") -> 0 | L26: =COUNTIF($F26:$F26,"N/A") -> 0
C27: U-22 | D27: /etc/services 파일 소유자 및 권한 설정 | E27: 상 | F27: 양호 | I27: =IF(COUNTIF($F27:$F27,"N/A")=COUNTA($F27:$F27),"N/A",$J27/(COUNTA($F27:$F27)-$L27)) -> 1 | J27: =COUNTIF($F27:$F27,"양호") -> 1 | K27: =COUNTIF($F27:$F27,"취약") -> 0 | L27: =COUNTIF($F27:$F27,"N/A") -> 0
C28: U-23 | D28: SUID, SGID, Sticky bit 설정 파일 점검 | E28: 상 | F28: 양호 | I28: =IF(COUNTIF($F28:$F28,"N/A")=COUNTA($F28:$F28),"N/A",$J28/(COUNTA($F28:$F28)-$L28)) -> 1 | J28: =COUNTIF($F28:$F28,"양호") -> 1 | K28: =COUNTIF($F28:$F28,"취약") -> 0 | L28: =COUNTIF($F28:$F28,"N/A") -> 0
C29: U-24 | D29: 사용자, 시스템 환경변수 파일 소유자 및 권한 설정 | E29: 상 | F29: 양호 | I29: =IF(COUNTIF($F29:$F29,"N/A")=COUNTA($F29:$F29),"N/A",$J29/(COUNTA($F29:$F29)-$L29)) -> 1 | J29: =COUNTIF($F29:$F29,"양호") -> 1 | K29: =COUNTIF($F29:$F29,"취약") -> 0 | L29: =COUNTIF($F29:$F29,"N/A") -> 0
C30: U-25 | D30: world writable 파일 점검 | E30: 상 | F30: 양호 | I30: =IF(COUNTIF($F30:$F30,"N/A")=COUNTA($F30:$F30),"N/A",$J30/(COUNTA($F30:$F30)-$L30)) -> 1 | J30: =COUNTIF($F30:$F30,"양호") -> 1 | K30: =COUNTIF($F30:$F30,"취약") -> 0 | L30: =COUNTIF($F30:$F30,"N/A") -> 0
C31: U-26 | D31: /dev에 존재하지 않는 device 파일 점검 | E31: 상 | F31: 양호 | I31: =IF(COUNTIF($F31:$F31,"N/A")=COUNTA($F31:$F31),"N/A",$J31/(COUNTA($F31:$F31)-$L31)) -> 1 | J31: =COUNTIF($F31:$F31,"양호") -> 1 | K31: =COUNTIF($F31:$F31,"취약") -> 0 | L31: =COUNTIF($F31:$F31,"N/A") -> 0
... C38: U-33 | D38: 숨겨진 파일 및 디렉토리 검색 및 제거 | E38: 하 | F38: 양호 | I38: =IF(COUNTIF($F38:$F38,"N/A")=COUNTA($F38:$F38),"N/A",$J38/(COUNTA($F38:$F38)-$L38)) -> 1 | J38: =COUNTIF($F38:$F38,"양호") -> 1 | K38: =COUNTIF($F38:$F38,"취약") -> 0 | L38: =COUNTIF($F38:$F38,"N/A") -> 0
B39: 3. 서비스 관리 | C39: U-34 | D39: Finger 서비스 비활성화 | E39: 상 | F39: 양호 | H39: =IF(COUNTIF(I39:I68,"N/A")=COUNTA(I39:I68),"N/A",AVERAGE(I39:I68)) -> 1 | I39: =IF(COUNTIF($F39:$F39,"N/A")=COUNTA($F39:$F39),"N/A",$J39/(COUNTA($F39:$F39)-$L39)) -> 1 | J39: =COUNTIF($F39:$F39,"양호") -> 1 | K39: =COUNTIF($F39:$F39,"취약") -> 0 | L39: =COUNTIF($F39:$F39,"N/A") -> 0
C40: U-35 | D40: 공유 서비스에 대한 익명 접근 제한 설정 | E40: 상 | F40: 양호 | I40: =IF(COUNTIF($F40:$F40,"N/A")=COUNTA($F40:$F40),"N/A",$J40/(COUNTA($F40:$F40)-$L40)) -> 1 | J40: =COUNTIF($F40:$F40,"양호") -> 1 | K40: =COUNTIF($F40:$F40,"취약") -> 0 | L40: =COUNTIF($F40:$F40,"N/A") -> 0
C41: U-36 | D41: r 계열 서비스 비활성화 | E41: 상 | F41: 양호 | I41: =IF(COUNTIF($F41:$F41,"N/A")=COUNTA($F41:$F41),"N/A",$J41/(COUNTA($F41:$F41)-$L41)) -> 1 | J41: =COUNTIF($F41:$F41,"양호") -> 1 | K41: =COUNTIF($F41:$F41,"취약") -> 0 | L41: =COUNTIF($F41:$F41,"N/A") -> 0
C42: U-37 | D42: crontab 설정파일 권한 설정 미흡 | E42: 상 | F42: 양호 | I42: =IF(COUNTIF($F42:$F42,"N/A")=COUNTA($F42:$F42),"N/A",$J42/(COUNTA($F42:$F42)-$L42)) -> 1 | J42: =COUNTIF($F42:$F42,"양호") -> 1 | K42: =COUNTIF($F42:$F42,"취약") -> 0 | L42: =COUNTIF($F42:$F42,"N/A") -> 0
C43: U-38 | D43: DoS 공격에 취약한 서비스 비활성화 | E43: 상 | F43: 양호 | I43: =IF(COUNTIF($F43:$F43,"N/A")=COUNTA($F43:$F43),"N/A",$J43/(COUNTA($F43:$F43)-$L43)) -> 1 | J43: =COUNTIF($F43:$F43,"양호") -> 1 | K43: =COUNTIF($F43:$F43,"취약") -> 0 | L43: =COUNTIF($F43:$F43,"N/A") -> 0
C44: U-39 | D44: 불필요한 NFS 서비스 비활성화 | E44: 상 | F44: 양호 | I44: =IF(COUNTIF($F44:$F44,"N/A")=COUNTA($F44:$F44),"N/A",$J44/(COUNTA($F44:$F44)-$L44)) -> 1 | J44: =COUNTIF($F44:$F44,"양호") -> 1 | K44: =COUNTIF($F44:$F44,"취약") -> 0 | L44: =COUNTIF($F44:$F44,"N/A") -> 0
C45: U-40 | D45: NFS 접근 통제 | E45: 상 | F45: 양호 | I45: =IF(COUNTIF($F45:$F45,"N/A")=COUNTA($F45:$F45),"N/A",$J45/(COUNTA($F45:$F45)-$L45)) -> 1 | J45: =COUNTIF($F45:$F45,"양호") -> 1 | K45: =COUNTIF($F45:$F45,"취약") -> 0 | L45: =COUNTIF($F45:$F45,"N/A") -> 0
C46: U-41 | D46: 불필요한 automountd 제거 | E46: 상 | F46: 양호 | I46: =IF(COUNTIF($F46:$F46,"N/A")=COUNTA($F46:$F46),"N/A",$J46/(COUNTA($F46:$F46)-$L46)) -> 1 | J46: =COUNTIF($F46:$F46,"양호") -> 1 | K46: =COUNTIF($F46:$F46,"취약") -> 0 | L46: =COUNTIF($F46:$F46,"N/A") -> 0
C47: U-42 | D47: 불필요한 RPC 서비스 비활성화 | E47: 상 | F47: 양호 | I47: =IF(COUNTIF($F47:$F47,"N/A")=COUNTA($F47:$F47),"N/A",$J47/(COUNTA($F47:$F47)-$L47)) -> 1 | J47: =COUNTIF($F47:$F47,"양호") -> 1 | K47: =COUNTIF($F47:$F47,"취약") -> 0 | L47: =COUNTIF($F47:$F47,"N/A") -> 0
C48: U-43 | D48: NIS, NIS+ 점검 | E48: 상 | F48: 양호 | I48: =IF(COUNTIF($F48:$F48,"N/A")=COUNTA($F48:$F48),"N/A",$J48/(COUNTA($F48:$F48)-$L48)) -> 1 | J48: =COUNTIF($F48:$F48,"양호") -> 1 | K48: =COUNTIF($F48:$F48,"취약") -> 0 | L48: =COUNTIF($F48:$F48,"N/A") -> 0
C49: U-44 | D49: tftp, talk 서비스 비활성화 | E49: 상 | F49: 양호 | I49: =IF(COUNTIF($F49:$F49,"N/A")=COUNTA($F49:$F49),"N/A",$J49/(COUNTA($F49:$F49)-$L49)) -> 1 | J49: =COUNTIF($F49:$F49,"양호") -> 1 | K49: =COUNTIF($F49:$F49,"취약") -> 0 | L49: =COUNTIF($F49:$F49,"N/A") -> 0
C50: U-45 | D50: 메일 서비스 버전 점검 | E50: 상 | F50: N/A | I50: =IF(COUNTIF($F50:$F50,"N/A")=COUNTA($F50:$F50),"N/A",$J50/(COUNTA($F50:$F50)-$L50)) -> N/A | J50: =COUNTIF($F50:$F50,"양호") -> 0 | K50: =COUNTIF($F50:$F50,"취약") -> 0 | L50: =COUNTIF($F50:$F50,"N/A") -> 1
C51: U-46 | D51: 일반 사용자의 메일 서비스 실행 방지 | E51: 상 | F51: N/A | I51: =IF(COUNTIF($F51:$F51,"N/A")=COUNTA($F51:$F51),"N/A",$J51/(COUNTA($F51:$F51)-$L51)) -> N/A | J51: =COUNTIF($F51:$F51,"양호") -> 0 | K51: =COUNTIF($F51:$F51,"취약") -> 0 | L51: =COUNTIF($F51:$F51,"N/A") -> 1
... C68: U-63 | D68: sudo 명령어 접근 관리 | E68: 중 | F68: 양호 | I68: =IF(COUNTIF($F68:$F68,"N/A")=COUNTA($F68:$F68),"N/A",$J68/(COUNTA($F68:$F68)-$L68)) -> 1 | J68: =COUNTIF($F68:$F68,"양호") -> 1 | K68: =COUNTIF($F68:$F68,"취약") -> 0 | L68: =COUNTIF($F68:$F68,"N/A") -> 0
B69: 4. 패치 관리 | C69: U-64 | D69: 주기적 보안 패치 및 벤더 권고사항 적용 | E69: 상 | F69: 취약 | H69: =IF(COUNTIF(I69,"N/A")=COUNTA(I69),"N/A",AVERAGE(I69)) -> 0 | I69: =IF(COUNTIF($F69:$F69,"N/A")=COUNTA($F69:$F69),"N/A",$J69/(COUNTA($F69:$F69)-$L69)) -> 0 | J69: =COUNTIF($F69:$F69,"양호") -> 0 | K69: =COUNTIF($F69:$F69,"취약") -> 1 | L69: =COUNTIF($F69:$F69,"N/A") -> 0
B70: 5. 로그 관리 | C70: U-65 | D70: NTP 및 시각 동기화 설정 | E70: 중 | F70: 양호 | H70: =IF(COUNTIF(I70:I72,"N/A")=COUNTA(I70:I72),"N/A",AVERAGE(I70:I72)) -> 1 | I70: =IF(COUNTIF($F70:$F70,"N/A")=COUNTA($F70:$F70),"N/A",$J70/(COUNTA($F70:$F70)-$L70)) -> 1 | J70: =COUNTIF($F70:$F70,"양호") -> 1 | K70: =COUNTIF($F70:$F70,"취약") -> 0 | L70: =COUNTIF($F70:$F70,"N/A") -> 0
C71: U-66 | D71: 정책에 따른 시스템 로깅 설정 | E71: 중 | F71: 양호 | I71: =IF(COUNTIF($F71:$F71,"N/A")=COUNTA($F71:$F71),"N/A",$J71/(COUNTA($F71:$F71)-$L71)) -> 1 | J71: =COUNTIF($F71:$F71,"양호") -> 1 | K71: =COUNTIF($F71:$F71,"취약") -> 0 | L71: =COUNTIF($F71:$F71,"N/A") -> 0
C72: U-67 | D72: 로그 디렉터리 소유자 및 권한 설정 | E72: 중 | F72: 양호 | I72: =IF(COUNTIF($F72:$F72,"N/A")=COUNTA($F72:$F72),"N/A",$J72/(COUNTA($F72:$F72)-$L72)) -> 1 | J72: =COUNTIF($F72:$F72,"양호") -> 1 | K72: =COUNTIF($F72:$F72,"취약") -> 0 | L72: =COUNTIF($F72:$F72,"N/A") -> 0
B73: 점검결과 | C73: 취약항목 개수 | F73: =COUNTIF(F$6:F$72, "취약") -> 1
C74: 보안 적용율 (양호항목 / 진단항목) % | F74: =(COUNTIF(F$6:F$72,"양호"))/(COUNTA(F$6:F$72)-COUNTIF(F$6:F$72,"N/A")) -> 0.98181818

Sheet 3-1. 진단 결과(Unix)
B2: Unix 취약점 진단 상세결과(67항목)
B3: 진단항목 | C3: No. | D3: 세부 진단항목 | E3: 진단기준 | F3: 1 | G3: =VLOOKUP(F$3,'1. 진단 대상'!$B$5:$F$5,2,FALSE()) -> ip-10-0-9-57.ec2.internal | H3: =VLOOKUP(F$3,'1. 진단 대상'!$B$5:$F$5,2,FALSE) -> ip-10-0-9-57.ec2.internal
G4: =VLOOKUP(F$3,'1. 진단 대상'!$B$5:$F$5,3,FALSE()) -> 10.0.9.57 | H4: =VLOOKUP(F$3,'1. 진단 대상'!$B$5:$F$5,3,FALSE) -> 10.0.9.57
G5: 최초진단 | H5: 이행점검
B6: 1. 계정 관리 | C6: U-01 | D6: root 계정 원격 접속 제한 | E6: 양호: 원격터미널 서비스를 사용하지 않거나, 사용 시 root 직접 접속을 차단한 경우 취약: 원격터미널 서비스 사용 시 root 직접 접속을 허용한 경우 | F6: =_xlfn.XLOOKUP('2-2. 요약 진단결과(Unix)'!F6, '2-2. 요약 진단결과(Unix)'!$F$6:$F$72, '2-2. 요약 진단결과(Unix)'!$F$6:$F$72) -> 양호
C7: U-02 | D7: 비밀번호 관리정책 설정 | E7: 양호: 비밀번호 관리 정책이 설정된 경우 취약: 비밀번호 관리 정책이 설정되지 않은 경우 | F7: =_xlfn.XLOOKUP('2-2. 요약 진단결과(Unix)'!F7, '2-2. 요약 진단결과(Unix)'!$F$6:$F$72, '2-2. 요약 진단결과(Unix)'!$F$6:$F$72) -> 양호 | G7: ucredit: 대문자 (Uppercase) 제한 [1, 2] credit: 소문자 (Lowercase) 제한 [1, 2] dcredit: 숫자 (Digit) 제한 [1, 2] ocredit: 특수문자 (Other) 제한 [1, 2] 0 값은 비활성화
C8: U-03 | D8: 계정 잠금 임계값 설정 | E8: 양호: 계정 잠금 임계값이 10회 이하의 값으로 설정된 경우 취약: 계정 잠금 임계값이 설정되어 있지 않거나, 10회 이하의 값으로 설정되지 않은 경우 | F8: =_xlfn.XLOOKUP('2-2. 요약 진단결과(Unix)'!F8, '2-2. 요약 진단결과(Unix)'!$F$6:$F$72, '2-2. 요약 진단결과(Unix)'!$F$6:$F$72) -> 양호
C9: U-04 | D9: 비밀번호 파일 보호 | E9: 양호: 쉐도우 비밀번호를 사용하거나, 비밀번호를 암호화하여 저장하는 경우 취약: 쉐도우 비밀번호를 사용하지 않고, 비밀번호를 암호화하여 저장하지 않는 경우 | F9: =_xlfn.XLOOKUP('2-2. 요약 진단결과(Unix)'!F9, '2-2. 요약 진단결과(Unix)'!$F$6:$F$72, '2-2. 요약 진단결과(Unix)'!$F$6:$F$72) -> 양호
C10: U-05 | D10: root 이외의 UID가 '0' 금지 | E10: 양호: root 계정과 동일한 UID를 갖는 계정이 존재하지 않는 경우 취약: root 계정과 동일한 UID를 갖는 계정이 존재하는 경우 | F10: =_xlfn.XLOOKUP('2-2. 요약 진단결과(Unix)'!F10, '2-2. 요약 진단결과(Unix)'!$F$6:$F$72, '2-2. 요약 진단결과(Unix)'!$F$6:$F$72) -> 양호
C11: U-06 | D11: 사용자 계정 su 기능 제한 | E11: 양호: su 명령어를 특정 그룹에 속한 사용자만 사용하도록 제한된 경우 ※ 일반 사용자 계정 없이 root 계정만 사용하는 경우 취약: su 명령어를 모든 사용자가 사용하도록 설정된 경우 | F11: =_xlfn.XLOOKUP('2-2. 요약 진단결과(Unix)'!F11, '2-2. 요약 진단결과(Unix)'!$F$6:$F$72, '2-2. 요약 진단결과(Unix)'!$F$6:$F$72) -> 양호
C12: U-07 | D12: 불필요한 계정 제거 | E12: 양호: 불필요한 계정이 존재하지 않는 경우 취약: 불필요한 계정이 존재하는 경우 | F12: =_xlfn.XLOOKUP('2-2. 요약 진단결과(Unix)'!F12, '2-2. 요약 진단결과(Unix)'!$F$6:$F$72, '2-2. 요약 진단결과(Unix)'!$F$6:$F$72) -> 양호
C13: U-08 | D13: 관리자 그룹에 최소한의 계정 포함 | E13: 양호: 관리자 그룹에 불필요한 계정이 등록되어 있지 않은 경우 취약: 관리자 그룹에 불필요한 계정이 등록된 경우 | F13: =_xlfn.XLOOKUP('2-2. 요약 진단결과(Unix)'!F13, '2-2. 요약 진단결과(Unix)'!$F$6:$F$72, '2-2. 요약 진단결과(Unix)'!$F$6:$F$72) -> 양호
C14: U-09 | D14: 계정이 존재하지 않는 GID 금지 | E14: 양호: 시스템 관리나 운용에 불필요한 그룹이 제거된 경우 취약: 시스템 관리나 운용에 불필요한 그룹이 존재하는 경우 불필요한 그룹이 존재하는 경우 | F14: =_xlfn.XLOOKUP('2-2. 요약 진단결과(Unix)'!F14, '2-2. 요약 진단결과(Unix)'!$F$6:$F$72, '2-2. 요약 진단결과(Unix)'!$F$6:$F$72) -> 양호
C15: U-10 | D15: 동일한 UID 금지 | E15: 양호: 동일한 UID로 설정된 사용자 계정이 존재하지 않는 경우 취약: 동일한 UID로 설정된 사용자 계정이 존재하는 경우 | F15: =_xlfn.XLOOKUP('2-2. 요약 진단결과(Unix)'!F15, '2-2. 요약 진단결과(Unix)'!$F$6:$F$72, '2-2. 요약 진단결과(Unix)'!$F$6:$F$72) -> 양호
C16: U-11 | D16: 사용자 Shell 점검 | E16: 양호: 로그인이 필요하지 않은 계정에 /bin/false(/sbin/nologin) 쉘이 부여된 경우 취약: 로그인이 필요하지 않은 계정에 /bin/false(/sbin/nologin) 쉘이 부여되지 않은 경우 | F16: =_xlfn.XLOOKUP('2-2. 요약 진단결과(Unix)'!F16, '2-2. 요약 진단결과(Unix)'!$F$6:$F$72, '2-2. 요약 진단결과(Unix)'!$F$6:$F$72) -> 양호
C17: U-12 | D17: 세션 종료 시간 설정 | E17: 양호: Session Timeout이 600초(10분) 이하로 설정된 경우 취약: Session Timeout이 600초(10분) 이하로 설정되지 않은 경우 | F17: =_xlfn.XLOOKUP('2-2. 요약 진단결과(Unix)'!F17, '2-2. 요약 진단결과(Unix)'!$F$6:$F$72, '2-2. 요약 진단결과(Unix)'!$F$6:$F$72) -> 양호
C18: U-13 | D18: 안전한 비밀번호 암호화 알고리즘 사용 | E18: 양호: SHA-2 이상의 안전한 비밀번호 암호화 알고리즘을 사용하는 경우 취약: 취약한 비밀번호 암호화 알고리즘을 사용하는 경우 | F18: =_xlfn.XLOOKUP('2-2. 요약 진단결과(Unix)'!F18, '2-2. 요약 진단결과(Unix)'!$F$6:$F$72, '2-2. 요약 진단결과(Unix)'!$F$6:$F$72) -> 양호
B19: 2. 파일 및 디렉토리 관리 | C19: U-14 | D19: root 홈, 패스 디렉터리 권한 및 패스 설정 | E19: 양호: PATH 환경변수에 “.” 이 맨 앞이나 중간에 포함되지 않은 경우 취약: PATH 환경변수에 “.” 이 맨 앞이나 중간에 포함된 경우 | F19: =_xlfn.XLOOKUP('2-2. 요약 진단결과(Unix)'!F19, '2-2. 요약 진단결과(Unix)'!$F$6:$F$72, '2-2. 요약 진단결과(Unix)'!$F$6:$F$72) -> 양호
C20: U-15 | D20: 파일 및 디렉터리 소유자 설정 | E20: 양호: 소유자가 존재하지 않는 파일 및 디렉터리가 존재하지 않는 경우 취약: 소유자가 존재하지 않는 파일 및 디렉터리가 존재하는 경우 | F20: =_xlfn.XLOOKUP('2-2. 요약 진단결과(Unix)'!F20, '2-2. 요약 진단결과(Unix)'!$F$6:$F$72, '2-2. 요약 진단결과(Unix)'!$F$6:$F$72) -> 양호
C21: U-16 | D21: /etc/passwd 파일 소유자 및 권한 설정 | E21: 양호: /etc/passwd 파일의 소유자가 root이고, 권한이 644 이하인 경우 취약: /etc/passwd 파일의 소유자가 root가 아니거나, 권한이 644 이하가 아닌 경우 | F21: =_xlfn.XLOOKUP('2-2. 요약 진단결과(Unix)'!F21, '2-2. 요약 진단결과(Unix)'!$F$6:$F$72, '2-2. 요약 진단결과(Unix)'!$F$6:$F$72) -> 양호
C22: U-17 | D22: 시스템 시작 스크립트 권한 설정 | E22: 양호: 시스템 시작 스크립트 파일의 소유자가 root이고, 일반 사용자의 쓰기 권한이 제거된 경우 취약: 시스템 시작 스크립트 파일의 소유자가 root가 아니거나, 일반 사용자의 쓰기 권한이 부여된 경우 | F22: =_xlfn.XLOOKUP('2-2. 요약 진단결과(Unix)'!F22, '2-2. 요약 진단결과(Unix)'!$F$6:$F$72, '2-2. 요약 진단결과(Unix)'!$F$6:$F$72) -> 양호
C23: U-18 | D23: /etc/shadow 파일 소유자 및 권한 설정 | E23: 양호: /etc/shadow 파일의 소유자가 root이고, 권한이 400 이하인 경우 취약: /etc/shadow 파일의 소유자가 root가 아니거나, 권한이 400 이하가 아닌 경우 | F23: =_xlfn.XLOOKUP('2-2. 요약 진단결과(Unix)'!F23, '2-2. 요약 진단결과(Unix)'!$F$6:$F$72, '2-2. 요약 진단결과(Unix)'!$F$6:$F$72) -> 양호
C24: U-19 | D24: /etc/hosts 파일 소유자 및 권한 설정 | E24: 양호: /etc/hosts 파일의 소유자가 root이고, 권한이 644 이하인 경우 취약: /etc/hosts 파일의 소유자가 root가 아니거나, 권한이 644 이하가 아닌 경우 | F24: =_xlfn.XLOOKUP('2-2. 요약 진단결과(Unix)'!F24, '2-2. 요약 진단결과(Unix)'!$F$6:$F$72, '2-2. 요약 진단결과(Unix)'!$F$6:$F$72) -> 양호
C25: U-20 | D25: /etc/(x)inetd.conf 파일 소유자 및 권한 설정 | E25: 양호: /etc/(x)inetd.conf 파일의 소유자가 root이고, 권한이 600 이하인 경우 취약: /etc/(x)inetd.conf 파일의 소유자가 root가 아니거나, 권한이 600 이하가 아닌 경우 | F25: =_xlfn.XLOOKUP('2-2. 요약 진단결과(Unix)'!F25, '2-2. 요약 진단결과(Unix)'!$F$6:$F$72, '2-2. 요약 진단결과(Unix)'!$F$6:$F$72) -> 양호
C26: U-21 | D26: /etc/(r)syslog.conf 파일 소유자 및 권한 설정 | E26: 양호: /etc/(r)syslog.conf 파일의 소유자가 root(또는 bin, sys)이고, 권한이 640 이하인 경우 취약: /etc/(r)syslog.conf 파일의 소유자가 root(또는 bin, sys)가 아니거나, 권한이 640 이하가 아닌 경우 | F26: =_xlfn.XLOOKUP('2-2. 요약 진단결과(Unix)'!F26, '2-2. 요약 진단결과(Unix)'!$F$6:$F$72, '2-2. 요약 진단결과(Unix)'!$F$6:$F$72) -> 양호 | G26: /etc/(r)syslog 존재하지 않음
C27: U-22 | D27: /etc/services 파일 소유자 및 권한 설정 | E27: 양호: /etc/services 파일의 소유자가 root(또는 bin, sys)이고, 권한이 644 이하인 경우 취약: /etc/services 파일의 소유자가 root(또는 bin, sys)가 아니거나, 권한이 644 이하가 아닌 경우 | F27: =_xlfn.XLOOKUP('2-2. 요약 진단결과(Unix)'!F27, '2-2. 요약 진단결과(Unix)'!$F$6:$F$72, '2-2. 요약 진단결과(Unix)'!$F$6:$F$72) -> 양호
C28: U-23 | D28: SUID, SGID, Sticky bit 설정 파일 점검 | E28: 양호: 주요 실행 파일의 권한에 SUID와 SGID에 대한 설정이 부여되어 있지 않은 경우 취약: 주요 실행 파일의 권한에 SUID와 SGID에 대한 설정이 부여된 경우 | F28: =_xlfn.XLOOKUP('2-2. 요약 진단결과(Unix)'!F28, '2-2. 요약 진단결과(Unix)'!$F$6:$F$72, '2-2. 요약 진단결과(Unix)'!$F$6:$F$72) -> 양호 | G28: 일부 실행 파일에 SUID 및 SGID가 부여됨
C29: U-24 | D29: 사용자, 시스템 환경변수 파일 소유자 및 권한 설정 | E29: 양호: 홈 디렉터리 환경변수 파일 소유자가 root 또는 해당 계정으로 지정되어 있고, 홈 디렉터리 환경변수 파일에 root 계정과 소유자만 쓰기 권한이 부여된 경우 취약: 홈 디렉터리 환경변수 파일 소유자가 root 또는 해당 계정으로 지정되지 않거나, 홈 디렉터리 환경변수 파일에 root 계정과 소유자 외에 쓰기 권한이 부여된 경우 | F29: =_xlfn.XLOOKUP('2-2. 요약 진단결과(Unix)'!F29, '2-2. 요약 진단결과(Unix)'!$F$6:$F$72, '2-2. 요약 진단결과(Unix)'!$F$6:$F$72) -> 양호
C30: U-25 | D30: world writable 파일 점검 | E30: 양호: world writable 파일이 존재하지 않거나, 존재 시 설정 이유를 인지하고 있는 경우 취약: world writable 파일이 존재하나 설정 이유를 인지하지 못하고 있는 경우 | F30: =_xlfn.XLOOKUP('2-2. 요약 진단결과(Unix)'!F30, '2-2. 요약 진단결과(Unix)'!$F$6:$F$72, '2-2. 요약 진단결과(Unix)'!$F$6:$F$72) -> 양호 | G30: proc, sys, run을 제외하고 검색하는 경우에는 출력 결과 없음
C31: U-26 | D31: /dev에 존재하지 않는 device 파일 점검 | E31: 양호: /dev 디렉터리에 대한 파일 점검 후 존재하지 않는 device 파일을 제거한 경우 취약: /dev 디렉터리에 대한 파일 미점검 또는 존재하지 않는 device 파일을 방치한 경우 | F31: =_xlfn.XLOOKUP('2-2. 요약 진단결과(Unix)'!F31, '2-2. 요약 진단결과(Unix)'!$F$6:$F$72, '2-2. 요약 진단결과(Unix)'!$F$6:$F$72) -> 양호
C32: U-27 | D32: $HOME/.rhosts, hosts.equiv 사용 금지 | E32: 양호: rlogin, rsh, rexec 서비스를 사용하지 않거나, 사용 시 아래와 같은 설정이 적용된 경우 1. /etc/hosts.equiv 및 $HOME/.rhosts 파일 소유자가 root 또는 해당 계정인 경우 2. /etc/hosts.equiv 및 $HOME/.rhosts 파일 권한이 600 이하인 경우 3. /etc/hosts.equiv 및 $HOME/.rhosts 파일 설정에 “+” 설정이 없는 경우 취약: rlogin, rsh, rexec 서비스를 사용하며 아래와 같은 설정이 적용되지 않은 경우 1. /etc/hosts.equiv 및 $HOME/.rhosts 파일 소유자가 root 또는 해당 계정이 아닌 경우 2. /etc/hosts.equiv 및 $HOME/.rhosts 파일 권한이 600을 초과한 경우 3. /etc/hosts.equiv 및 $HOME/.rhosts 파일 설정에 “+” 설정이 존재하는 경우 | F32: =_xlfn.XLOOKUP('2-2. 요약 진단결과(Unix)'!F32, '2-2. 요약 진단결과(Unix)'!$F$6:$F$72, '2-2. 요약 진단결과(Unix)'!$F$6:$F$72) -> 양호
C33: U-28 | D33: 접속 IP 및 포트 제한 | E33: 양호: 접속을 허용할 특정 호스트에 대한 IP주소 및 포트 제한을 설정한 경우 취약: 접속을 허용할 특정 호스트에 대한 IP주소 및 포트 제한을 설정하지 않은 경우 | F33: =_xlfn.XLOOKUP('2-2. 요약 진단결과(Unix)'!F33, '2-2. 요약 진단결과(Unix)'!$F$6:$F$72, '2-2. 요약 진단결과(Unix)'!$F$6:$F$72) -> 양호
C34: U-29 | D34: hosts.lpd 파일 소유자 및 권한 설정 | E34: 양호: /etc/hosts.lpd 파일이 존재하지 않거나, 불가피하게 사용 시 /etc/hosts.lpd 파일의 소유자가 root이고, 권한이 600 이하인 경우 취약: /etc/hosts.lpd 파일이 존재하며, 파일의 소유자가 root가 아니거나, 권한이 600 이하가 아닌 경우 | F34: =_xlfn.XLOOKUP('2-2. 요약 진단결과(Unix)'!F34, '2-2. 요약 진단결과(Unix)'!$F$6:$F$72, '2-2. 요약 진단결과(Unix)'!$F$6:$F$72) -> 양호
C35: U-30 | D35: UMASK 설정 관리 | E35: 양호: UMASK 값이 022 이상으로 설정된 경우 취약: UMASK 값이 022 미만으로 설정된 경우 | F35: =_xlfn.XLOOKUP('2-2. 요약 진단결과(Unix)'!F35, '2-2. 요약 진단결과(Unix)'!$F$6:$F$72, '2-2. 요약 진단결과(Unix)'!$F$6:$F$72) -> 양호 | G35: profile 내에는 UMASK 값이 미존재
C36: U-31 | D36: 홈 디렉토리 소유자 및 권한 설정 | E36: 양호: 홈 디렉토리 소유자가 해당 계정이고, 타 사용자 쓰기 권한이 제거된 경우 취약: 홈 디렉토리 소유자가 해당 계정이 아니거나, 타 사용자 쓰기 권한이 부여된 경우 | F36: =_xlfn.XLOOKUP('2-2. 요약 진단결과(Unix)'!F36, '2-2. 요약 진단결과(Unix)'!$F$6:$F$72, '2-2. 요약 진단결과(Unix)'!$F$6:$F$72) -> 양호
C37: U-32 | D37: 홈 디렉토리로 지정한 디렉토리의 존재 관리 | E37: 양호: 홈 디렉토리가 존재하지 않는 계정이 발견되지 않는 경우 취약: 홈 디렉토리가 존재하지 않는 계정이 발견된 경우 | F37: =_xlfn.XLOOKUP('2-2. 요약 진단결과(Unix)'!F37, '2-2. 요약 진단결과(Unix)'!$F$6:$F$72, '2-2. 요약 진단결과(Unix)'!$F$6:$F$72) -> 양호
C38: U-33 | D38: 숨겨진 파일 및 디렉토리 검색 및 제거 | E38: 양호: 불필요하거나 의심스러운 숨겨진 파일 및 디렉토리를 제거한 경우 취약: 불필요하거나 의심스러운 숨겨진 파일 및 디렉토리를 제거하지 않은 경우 | F38: =_xlfn.XLOOKUP('2-2. 요약 진단결과(Unix)'!F38, '2-2. 요약 진단결과(Unix)'!$F$6:$F$72, '2-2. 요약 진단결과(Unix)'!$F$6:$F$72) -> 양호
B39: 3. 서비스 관리 | C39: U-34 | D39: Finger 서비스 비활성화 | E39: 양호: Finger 서비스가 비활성화된 경우 취약: Finger 서비스가 활성화된 경우 | F39: =_xlfn.XLOOKUP('2-2. 요약 진단결과(Unix)'!F39, '2-2. 요약 진단결과(Unix)'!$F$6:$F$72, '2-2. 요약 진단결과(Unix)'!$F$6:$F$72) -> 양호
C40: U-35 | D40: 공유 서비스에 대한 익명 접근 제한 설정 | E40: 양호: 공유 서비스에 대해 익명 접근을 제한한 경우 취약: 공유 서비스에 대해 익명 접근을 허용한 경우 | F40: =_xlfn.XLOOKUP('2-2. 요약 진단결과(Unix)'!F40, '2-2. 요약 진단결과(Unix)'!$F$6:$F$72, '2-2. 요약 진단결과(Unix)'!$F$6:$F$72) -> 양호
C41: U-36 | D41: r 계열 서비스 비활성화 | E41: 양호: 불필요한 r 계열 서비스가 비활성화된 경우 취약: 불필요한 r 계열 서비스가 활성화된 경우 | F41: =_xlfn.XLOOKUP('2-2. 요약 진단결과(Unix)'!F41, '2-2. 요약 진단결과(Unix)'!$F$6:$F$72, '2-2. 요약 진단결과(Unix)'!$F$6:$F$72) -> 양호
C42: U-37 | D42: crontab 설정파일 권한 설정 미흡 | E42: 양호: crontab 및 at 명령어에 일반 사용자 실행 권한이 제거되어 있으며, cron 및 at 관련 파일 권한이 640 이하인 경우 취약: crontab 및 at 명령어에 일반 사용자 실행 권한이 부여되어 있으며, cron 및 at 관련 파일 권한이 640 이상인 경우 | F42: =_xlfn.XLOOKUP('2-2. 요약 진단결과(Unix)'!F42, '2-2. 요약 진단결과(Unix)'!$F$6:$F$72, '2-2. 요약 진단결과(Unix)'!$F$6:$F$72) -> 양호
C43: U-38 | D43: DoS 공격에 취약한 서비스 비활성화 | E43: 양호: DoS 공격에 취약한 서비스가 비활성화된 경우 취약: DoS 공격에 취약한 서비스가 활성화된 경우 | F43: =_xlfn.XLOOKUP('2-2. 요약 진단결과(Unix)'!F43, '2-2. 요약 진단결과(Unix)'!$F$6:$F$72, '2-2. 요약 진단결과(Unix)'!$F$6:$F$72) -> 양호
C44: U-39 | D44: 불필요한 NFS 서비스 비활성화 | E44: 양호: 불필요한 NFS 서비스 관련 데몬이 비활성화된 경우 취약: 불필요한 NFS 서비스 관련 데몬이 활성화된 경우 NFS 서비스를 사용하지 않는 경우 | F44: =_xlfn.XLOOKUP('2-2. 요약 진단결과(Unix)'!F44, '2-2. 요약 진단결과(Unix)'!$F$6:$F$72, '2-2. 요약 진단결과(Unix)'!$F$6:$F$72) -> 양호
C45: U-40 | D45: NFS 접근 통제 | E45: 양호: 접근 통제가 설정되어 있으며 NFS 설정 파일 접근 권한이 644 이하인 경우 취약: 접근 통제가 설정되어 있지 않고 NFS 설정 파일 접근 권한이 644를 초과하는 경우 | F45: =_xlfn.XLOOKUP('2-2. 요약 진단결과(Unix)'!F45, '2-2. 요약 진단결과(Unix)'!$F$6:$F$72, '2-2. 요약 진단결과(Unix)'!$F$6:$F$72) -> 양호
C46: U-41 | D46: 불필요한 automountd 제거 | E46: 양호: automountd 서비스가 비활성화된 경우 취약: automountd 서비스가 활성화된 경우 | F46: =_xlfn.XLOOKUP('2-2. 요약 진단결과(Unix)'!F46, '2-2. 요약 진단결과(Unix)'!$F$6:$F$72, '2-2. 요약 진단결과(Unix)'!$F$6:$F$72) -> 양호
C47: U-42 | D47: 불필요한 RPC 서비스 비활성화 | E47: 양호: 불필요한 RPC 서비스가 비활성화된 경우 취약: 불필요한 RPC 서비스가 활성화된 경우 | F47: =_xlfn.XLOOKUP('2-2. 요약 진단결과(Unix)'!F47, '2-2. 요약 진단결과(Unix)'!$F$6:$F$72, '2-2. 요약 진단결과(Unix)'!$F$6:$F$72) -> 양호
C48: U-43 | D48: NIS, NIS+ 점검 | E48: 양호: NIS 서비스가 비활성화되어 있거나, 불가피하게 사용 시 NIS+ 서비스를 사용하는 경우 취약: NIS 서비스가 활성화된 경우 | F48: =_xlfn.XLOOKUP('2-2. 요약 진단결과(Unix)'!F48, '2-2. 요약 진단결과(Unix)'!$F$6:$F$72, '2-2. 요약 진단결과(Unix)'!$F$6:$F$72) -> 양호
C49: U-44 | D49: tftp, talk 서비스 비활성화 | E49: 양호: tftp, talk, ntalk 서비스가 비활성화된 경우 취약: tftp, talk, ntalk 서비스가 활성화된 경우 | F49: =_xlfn.XLOOKUP('2-2. 요약 진단결과(Unix)'!F49, '2-2. 요약 진단결과(Unix)'!$F$6:$F$72, '2-2. 요약 진단결과(Unix)'!$F$6:$F$72) -> 양호
C50: U-45 | D50: 메일 서비스 버전 점검 | E50: 양호: 메일 서비스 버전이 최신 버전인 경우 취약: 메일 서비스 버전이 최신 버전이 아닌 경우 | F50: =_xlfn.XLOOKUP('2-2. 요약 진단결과(Unix)'!F50, '2-2. 요약 진단결과(Unix)'!$F$6:$F$72, '2-2. 요약 진단결과(Unix)'!$F$6:$F$72) -> N/A | G50: SNMP 메일 서비스 미사용
C51: U-46 | D51: 일반 사용자의 메일 서비스 실행 방지 | E51: 양호: 일반 사용자의 메일 서비스 실행 방지가 설정된 경우 취약: 일반 사용자의 메일 서비스 실행 방지가 설정되어 있지 않은 경우 | F51: =_xlfn.XLOOKUP('2-2. 요약 진단결과(Unix)'!F51, '2-2. 요약 진단결과(Unix)'!$F$6:$F$72, '2-2. 요약 진단결과(Unix)'!$F$6:$F$72) -> N/A | G51: SNMP 메일 서비스 미사용
C52: U-47 | D52: 스팸 메일 릴레이 제한 | E52: 양호: 릴레이 제한이 설정된 경우 취약: 릴레이 제한이 설정되어 있지 않은 경우 | F52: =_xlfn.XLOOKUP('2-2. 요약 진단결과(Unix)'!F52, '2-2. 요약 진단결과(Unix)'!$F$6:$F$72, '2-2. 요약 진단결과(Unix)'!$F$6:$F$72) -> N/A | G52: SNMP 메일 서비스 미사용
C53: U-48 | D53: expn, vrfy 명령어 제한 | E53: 양호: noexpn, novrfy 옵션이 설정된 경우 취약: noexpn, novrfy 옵션이 설정되어 있지 않은 경우 | F53: =_xlfn.XLOOKUP('2-2. 요약 진단결과(Unix)'!F53, '2-2. 요약 진단결과(Unix)'!$F$6:$F$72, '2-2. 요약 진단결과(Unix)'!$F$6:$F$72) -> N/A | G53: SNMP 메일 서비스 미사용
C54: U-49 | D54: DNS 보안 버전 패치 | E54: 양호: 주기적으로 패치를 관리하는 경우 취약: 주기적으로 패치를 관리하고 있지 않은 경우 | F54: =_xlfn.XLOOKUP('2-2. 요약 진단결과(Unix)'!F54, '2-2. 요약 진단결과(Unix)'!$F$6:$F$72, '2-2. 요약 진단결과(Unix)'!$F$6:$F$72) -> 양호
C55: U-50 | D55: DNS Zone Transfer 설정 | E55: 양호: Zone Transfer를 허가된 사용자에게만 허용한 경우 취약: Zone Transfer를 모든 사용자에게 허용한 경우 | F55: =_xlfn.XLOOKUP('2-2. 요약 진단결과(Unix)'!F55, '2-2. 요약 진단결과(Unix)'!$F$6:$F$72, '2-2. 요약 진단결과(Unix)'!$F$6:$F$72) -> N/A | G55: DNS 서비스 미사용
C56: U-51 | D56: DNS 서비스의 취약한 동적 업데이트 설정 금지 | E56: 양호: DNS 서비스의 동적 업데이트 기능이 비활성화되었거나, 활성화 시 적절한 접근통제를 수행하고 있는 경우 취약: DNS 서비스의 동적 업데이트 기능이 활성화 중이며 적절한 접근통제를 수행하고 있지 않은 경우 | F56: =_xlfn.XLOOKUP('2-2. 요약 진단결과(Unix)'!F56, '2-2. 요약 진단결과(Unix)'!$F$6:$F$72, '2-2. 요약 진단결과(Unix)'!$F$6:$F$72) -> N/A | G56: DNS 서비스 미사용
C57: U-52 | D57: Telnet 서비스 비활성화 | E57: 양호: 원격 접속 시 Telnet 프로토콜을 비활성화하고 있는 경우 취약: 원격 접속 시 Telnet 프로토콜을 사용하는 경우 | F57: =_xlfn.XLOOKUP('2-2. 요약 진단결과(Unix)'!F57, '2-2. 요약 진단결과(Unix)'!$F$6:$F$72, '2-2. 요약 진단결과(Unix)'!$F$6:$F$72) -> 양호
C58: U-53 | D58: FTP 서비스 정보 노출 제한 | E58: 양호: FTP 접속 배너에 노출되는 정보가 없는 경우 취약: FTP 접속 배너에 노출되는 정보가 있는 경우 | F58: =_xlfn.XLOOKUP('2-2. 요약 진단결과(Unix)'!F58, '2-2. 요약 진단결과(Unix)'!$F$6:$F$72, '2-2. 요약 진단결과(Unix)'!$F$6:$F$72) -> N/A | G58: FTP 미사용
C59: U-54 | D59: 암호화되지 않는 FTP 서비스 비활성화 | E59: 양호: 암호화되지 않은 FTP 서비스가 비활성화된 경우 취약: 암호화되지 않은 FTP 서비스가 활성화된 경우 | F59: =_xlfn.XLOOKUP('2-2. 요약 진단결과(Unix)'!F59, '2-2. 요약 진단결과(Unix)'!$F$6:$F$72, '2-2. 요약 진단결과(Unix)'!$F$6:$F$72) -> 양호
C60: U-55 | D60: FTP 계정 Shell 제한 | E60: 양호: FTP 계정에 /bin/false(/sbin/nologin) 쉘이 부여된 경우 취약: FTP 계정에 /bin/false(/sbin/nologin) 쉘이 부여되어 있지 않은 경우 | F60: =_xlfn.XLOOKUP('2-2. 요약 진단결과(Unix)'!F60, '2-2. 요약 진단결과(Unix)'!$F$6:$F$72, '2-2. 요약 진단결과(Unix)'!$F$6:$F$72) -> 양호
C61: U-56 | D61: FTP 서비스 접근 제어 설정 | E61: 양호: 특정 IP주소 또는 호스트에서만 FTP 서버에 접속할 수 있도록 접근 제어 설정을 적용한 경우 취약: FTP 서버에 접근 제어 설정을 적용하지 않은 경우 | F61: =_xlfn.XLOOKUP('2-2. 요약 진단결과(Unix)'!F61, '2-2. 요약 진단결과(Unix)'!$F$6:$F$72, '2-2. 요약 진단결과(Unix)'!$F$6:$F$72) -> N/A | G61: FTP 미사용
C62: U-57 | D62: Ftpusers 파일 설정 | E62: 양호: root 계정 접속을 차단한 경우 취약: root 계정 접속을 허용한 경우 | F62: =_xlfn.XLOOKUP('2-2. 요약 진단결과(Unix)'!F62, '2-2. 요약 진단결과(Unix)'!$F$6:$F$72, '2-2. 요약 진단결과(Unix)'!$F$6:$F$72) -> N/A | G62: FTP 미사용
C63: U-58 | D63: 불필요한 SNMP 서비스 구동 점검 | E63: 양호: SNMP 서비스를 사용하지 않는 경우 취약: SNMP 서비스를 사용하는 경우 | F63: =_xlfn.XLOOKUP('2-2. 요약 진단결과(Unix)'!F63, '2-2. 요약 진단결과(Unix)'!$F$6:$F$72, '2-2. 요약 진단결과(Unix)'!$F$6:$F$72) -> 양호
C64: U-59 | D64: 안전한 SNMP 버전 사용 | E64: 양호: SNMP 서비스를 v3 이상으로 사용하는 경우 취약: SNMP 서비스를 v2 이하로 사용하는 경우 | F64: =_xlfn.XLOOKUP('2-2. 요약 진단결과(Unix)'!F64, '2-2. 요약 진단결과(Unix)'!$F$6:$F$72, '2-2. 요약 진단결과(Unix)'!$F$6:$F$72) -> N/A | G64: SNMP 서비스 미사용
C65: U-60 | D65: SNMP Community String 복잡성 설정 | E65: 양호: SNMP Community String 기본값인 “public”, “private”이 아닌 영문자, 숫자 포함 10자리 이상 또는 영문자, 숫자, 특수문자 포함 8자리 이상인 경우 ※ SNMP v3의 경우 별도 인증 기능을 사용하고, 해당 비밀번호가 복잡도를 만족하는 경우 취약: 아래의 내용 중 하나라도 해당되는 경우 1. SNMP Community String 기본값인 “public”, “private”일 경우 2. 영문자, 숫자 포함 10자리 미만인 경우 3. 영문자, 숫자, 특수문자 포함 8자리 미만인 경우 | F65: =_xlfn.XLOOKUP('2-2. 요약 진단결과(Unix)'!F65, '2-2. 요약 진단결과(Unix)'!$F$6:$F$72, '2-2. 요약 진단결과(Unix)'!$F$6:$F$72) -> N/A | G65: SNMP 서비스 미사용
C66: U-61 | D66: SNMP Access Control 설정 | E66: 양호: SNMP 서비스에 접근 제어 설정이 되어 있는 경우 취약: SNMP 서비스에 접근 제어 설정이 되어 있지 않은 경우 | F66: =_xlfn.XLOOKUP('2-2. 요약 진단결과(Unix)'!F66, '2-2. 요약 진단결과(Unix)'!$F$6:$F$72, '2-2. 요약 진단결과(Unix)'!$F$6:$F$72) -> N/A | G66: SNMP 서비스 미사용
C67: U-62 | D67: 로그인 시 경고 메시지 설정 | E67: 양호: 서버 및 Telnet, FTP, SMTP, DNS 서비스에 로그온 시 경고 메시지가 설정된 경우 취약: 서버 및 Telnet, FTP, SMTP, DNS 서비스에 로그온 시 경고 메시지가 설정되어 있지 않은 경우 | F67: =_xlfn.XLOOKUP('2-2. 요약 진단결과(Unix)'!F67, '2-2. 요약 진단결과(Unix)'!$F$6:$F$72, '2-2. 요약 진단결과(Unix)'!$F$6:$F$72) -> 양호
C68: U-63 | D68: sudo 명령어 접근 관리 | E68: 양호: /etc/sudoers 파일 소유자가 root이고, 파일 권한이 640인 경우 취약: /etc/sudoers 파일 소유자가 root가 아니거나, 파일 권한이 640을 초과하는 경우 | F68: =_xlfn.XLOOKUP('2-2. 요약 진단결과(Unix)'!F68, '2-2. 요약 진단결과(Unix)'!$F$6:$F$72, '2-2. 요약 진단결과(Unix)'!$F$6:$F$72) -> 양호
B69: 4. 패치 관리 | C69: U-64 | D69: 주기적 보안 패치 및 벤더 권고사항 적용 | E69: 양호: 패치 적용 정책을 수립하여 주기적으로 패치 관리를 하고 있으며, 패치 관련 내용을 확인하고 적용하였을 경우 취약: 패치 적용 정책을 수립하지 않고 주기적으로 패치 관리를 하지 않거나, 패치 관련 내용을 확인하지 않고 적용하지 않고 있는 경우 | F69: =_xlfn.XLOOKUP('2-2. 요약 진단결과(Unix)'!F69, '2-2. 요약 진단결과(Unix)'!$F$6:$F$72, '2-2. 요약 진단결과(Unix)'!$F$6:$F$72) -> 취약 | G69: 보안 담당자의 부재로 패치 적용 정책을 수립하지 않고 주기적으로 패치 관리를 하지 않음
B70: 5. 로그 관리 | C70: U-65 | D70: NTP 및 시각 동기화 설정 | E70: 양호: NTP 및 시각 동기화 설정이 기준에 따라 적용된 경우 취약: NTP 및 시각 동기화 설정이 기준에 따라 적용되어 있지 않은 경우 | F70: =_xlfn.XLOOKUP('2-2. 요약 진단결과(Unix)'!F70, '2-2. 요약 진단결과(Unix)'!$F$6:$F$72, '2-2. 요약 진단결과(Unix)'!$F$6:$F$72) -> 양호
C71: U-66 | D71: 정책에 따른 시스템 로깅 설정 | E71: 양호: 로그 기록 정책이 보안 정책에 따라 설정되어 수립되어 있으며, 로그를 남기고 있는 경우 취약: 로그 기록 정책 미수립 또는 정책에 따라 설정되어 있지 않거나, 로그를 남기고 있지 않은 경우 | F71: =_xlfn.XLOOKUP('2-2. 요약 진단결과(Unix)'!F71, '2-2. 요약 진단결과(Unix)'!$F$6:$F$72, '2-2. 요약 진단결과(Unix)'!$F$6:$F$72) -> 양호
C72: U-67 | D72: 로그 디렉터리 소유자 및 권한 설정 | E72: 양호: 디렉터리 내 로그 파일의 소유자가 root이고, 권한이 644 이하인 경우 취약: 디렉터리 내 로그 파일의 소유자가 root가 아니거나, 권한이 644를 초과하는 경우 | F72: =_xlfn.XLOOKUP('2-2. 요약 진단결과(Unix)'!F72, '2-2. 요약 진단결과(Unix)'!$F$6:$F$72, '2-2. 요약 진단결과(Unix)'!$F$6:$F$72) -> 양호 | G72: lastlog의 권한이 664임
