Workbook

Sheet 0. 표지
K3: 문서번호 | L3: CHECKBANG-VA-2026-001
K4: 작성자 | L4: 취약점진단팀
K5: 보안등급 | L5: Confidential
K6: Ver | L6: ver 1.0
B11: Check방 취약점 진단
B13: 취약점 진단 상세결과
B18: 2026-06-29

Sheet 1. 진단 대상
B1: ※ 진단 대상 리스트
B2: 순번 | C2: 진단 대상 | G2: 비고
C3: Hostname | D3: IP Address | E3: 버전정보 | F3: 용도
B4: 1 | C4: EC2AMAZ-305SBHT | D4: 10.0.152.148 | E4: Oracle 21.0.0.0 | G4: -

Sheet 2-1. 요약결과(그래프)
F2: 항목별 양호 비율
B4: 진단 도메인 | C4: 평균 점수
B5: 계정 관리 | C5: ='2-2. 요약 진단결과'!H6
B6: 접근 관리 | C6: ='2-2. 요약 진단결과'!H15
B7: 옵션 관리 | C7: ='2-2. 요약 진단결과'!H22
B8: 패치 관리 | C8: ='2-2. 요약 진단결과'!H30
F25: 양호 / 취약 / N/A 비율
B27: 상태 | C27: 개수
B28: 양호 | C28: =SUM('2-2. 요약 진단결과'!J6:J31)
B29: 취약 | C29: =SUM('2-2. 요약 진단결과'!K6:K31)
B30: N/A | C30: =SUM('2-2. 요약 진단결과'!L6:L31)
F48: 영역별 취약 수
B50: 영역 | C50: 취약 수
B51: 계정 관리 | C51: =SUM('2-2. 요약 진단결과'!K6:K14)
B52: 접근 관리 | C52: =SUM('2-2. 요약 진단결과'!K15:K21)
B53: 옵션 관리 | C53: =SUM('2-2. 요약 진단결과'!K22:K29)
B54: 패치 관리 | C54: =SUM('2-2. 요약 진단결과'!K30:K31)

Sheet 2-2. 요약 진단결과
B2: Check방 취약점 진단 요약 진단결과 (26항목)
B3: 진단항목 | C3: No. | D3: 세부 진단항목 | E3: 중요도 | F3: 진단결과
F4: DBMS(Oracle)
F5: 10.0.152.148 | H5: 영역별점수 | I5: 점수 | J5: 양호 | K5: 취약 | L5: N/A
B6: 계정 관리 | C6: D-01 | D6: 기본 계정의 비밀번호, 정책 등을 변경하여 사용 | E6: 상 | F6: 양호 | H6: =IF(COUNTIF(I6:I14,"N/A")=COUNTA(I6:I14),"N/A",AVERAGE(I6:I14)) | I6: =IF(COUNTIF($F6:$F6,"N/A")=COUNTA($F6:$F6),"N/A",$J6/(COUNTA($F6:$F6)-$L6)) | J6: =COUNTIF($F6:$F6,"양호") | K6: =COUNTIF($F6:$F6,"취약") | L6: =COUNTIF($F6:$F6,"N/A")
C7: D-02 | D7: 데이터베이스의 불필요 계정을 제거하거나, 잠금설정 후 사용 | E7: 상 | F7: 양호 | I7: =IF(COUNTIF($F7:$F7,"N/A")=COUNTA($F7:$F7),"N/A",$J7/(COUNTA($F7:$F7)-$L7)) | J7: =COUNTIF($F7:$F7,"양호") | K7: =COUNTIF($F7:$F7,"취약") | L7: =COUNTIF($F7:$F7,"N/A")
C8: D-03 | D8: 비밀번호의 사용기간 및 복잡도를 기관의 정책에 맞도록 설정 | E8: 상 | F8: 양호 | I8: =IF(COUNTIF($F8:$F8,"N/A")=COUNTA($F8:$F8),"N/A",$J8/(COUNTA($F8:$F8)-$L8)) | J8: =COUNTIF($F8:$F8,"양호") | K8: =COUNTIF($F8:$F8,"취약") | L8: =COUNTIF($F8:$F8,"N/A")
C9: D-04 | D9: 데이터베이스 관리자 권한을 꼭 필요한 계정 및 그룹에만 허용 | E9: 상 | F9: 양호 | I9: =IF(COUNTIF($F9:$F9,"N/A")=COUNTA($F9:$F9),"N/A",$J9/(COUNTA($F9:$F9)-$L9)) | J9: =COUNTIF($F9:$F9,"양호") | K9: =COUNTIF($F9:$F9,"취약") | L9: =COUNTIF($F9:$F9,"N/A")
C10: D-05 | D10: 비밀번호 재사용에 대한 제약 설정 | E10: 중 | F10: 양호 | I10: =IF(COUNTIF($F10:$F10,"N/A")=COUNTA($F10:$F10),"N/A",$J10/(COUNTA($F10:$F10)-$L10)) | J10: =COUNTIF($F10:$F10,"양호") | K10: =COUNTIF($F10:$F10,"취약") | L10: =COUNTIF($F10:$F10,"N/A")
C11: D-06 | D11: DB 사용자 계정을 개별적으로 부여하여 사용 | E11: 중 | F11: 양호 | I11: =IF(COUNTIF($F11:$F11,"N/A")=COUNTA($F11:$F11),"N/A",$J11/(COUNTA($F11:$F11)-$L11)) | J11: =COUNTIF($F11:$F11,"양호") | K11: =COUNTIF($F11:$F11,"취약") | L11: =COUNTIF($F11:$F11,"N/A")
C12: D-07 | D12: root(관리자) 권한으로 서비스 구동 제한 | E12: 중 | F12: 양호 | I12: =IF(COUNTIF($F12:$F12,"N/A")=COUNTA($F12:$F12),"N/A",$J12/(COUNTA($F12:$F12)-$L12)) | J12: =COUNTIF($F12:$F12,"양호") | K12: =COUNTIF($F12:$F12,"취약") | L12: =COUNTIF($F12:$F12,"N/A")
C13: D-08 | D13: 안전한 암호화 알고리즘 사용 | E13: 상 | F13: 양호 | I13: =IF(COUNTIF($F13:$F13,"N/A")=COUNTA($F13:$F13),"N/A",$J13/(COUNTA($F13:$F13)-$L13)) | J13: =COUNTIF($F13:$F13,"양호") | K13: =COUNTIF($F13:$F13,"취약") | L13: =COUNTIF($F13:$F13,"N/A")
C14: D-09 | D14: 일정 횟수의 로그인 실패 시 잠금정책 설정 | E14: 중 | F14: 양호 | I14: =IF(COUNTIF($F14:$F14,"N/A")=COUNTA($F14:$F14),"N/A",$J14/(COUNTA($F14:$F14)-$L14)) | J14: =COUNTIF($F14:$F14,"양호") | K14: =COUNTIF($F14:$F14,"취약") | L14: =COUNTIF($F14:$F14,"N/A")
B15: 접근 관리 | C15: D-10 | D15: 원격에서 DB 서버로의 접속 제한 | E15: 상 | F15: 양호 | H15: =IF(COUNTIF(I15:I21,"N/A")=COUNTA(I15:I21),"N/A",AVERAGE(I15:I21)) | I15: =IF(COUNTIF($F15:$F15,"N/A")=COUNTA($F15:$F15),"N/A",$J15/(COUNTA($F15:$F15)-$L15)) | J15: =COUNTIF($F15:$F15,"양호") | K15: =COUNTIF($F15:$F15,"취약") | L15: =COUNTIF($F15:$F15,"N/A")
C16: D-11 | D16: DBA 이외 인가되지 않은 사용자의 시스템 테이블 접근 제한 | E16: 상 | F16: 양호 | I16: =IF(COUNTIF($F16:$F16,"N/A")=COUNTA($F16:$F16),"N/A",$J16/(COUNTA($F16:$F16)-$L16)) | J16: =COUNTIF($F16:$F16,"양호") | K16: =COUNTIF($F16:$F16,"취약") | L16: =COUNTIF($F16:$F16,"N/A")
C17: D-12 | D17: 안전한 리스너 비밀번호 설정 및 사용 | E17: 상 | F17: N/A | I17: =IF(COUNTIF($F17:$F17,"N/A")=COUNTA($F17:$F17),"N/A",$J17/(COUNTA($F17:$F17)-$L17)) | J17: =COUNTIF($F17:$F17,"양호") | K17: =COUNTIF($F17:$F17,"취약") | L17: =COUNTIF($F17:$F17,"N/A")
C18: D-13 | D18: 불필요한 ODBC/OLE-DB 데이터 소스와 드라이브 제거 | E18: 중 | F18: 양호 | I18: =IF(COUNTIF($F18:$F18,"N/A")=COUNTA($F18:$F18),"N/A",$J18/(COUNTA($F18:$F18)-$L18)) | J18: =COUNTIF($F18:$F18,"양호") | K18: =COUNTIF($F18:$F18,"취약") | L18: =COUNTIF($F18:$F18,"N/A")
C19: D-14 | D19: 주요 설정파일·비밀번호 파일 등의 접근 권한 설정 | E19: 중 | F19: 양호 | I19: =IF(COUNTIF($F19:$F19,"N/A")=COUNTA($F19:$F19),"N/A",$J19/(COUNTA($F19:$F19)-$L19)) | J19: =COUNTIF($F19:$F19,"양호") | K19: =COUNTIF($F19:$F19,"취약") | L19: =COUNTIF($F19:$F19,"N/A")
C20: D-15 | D20: 리스너 로그 및 trace 파일에 대한 변경 제한 | E20: 하 | F20: 양호 | I20: =IF(COUNTIF($F20:$F20,"N/A")=COUNTA($F20:$F20),"N/A",$J20/(COUNTA($F20:$F20)-$L20)) | J20: =COUNTIF($F20:$F20,"양호") | K20: =COUNTIF($F20:$F20,"취약") | L20: =COUNTIF($F20:$F20,"N/A")
C21: D-16 | D21: Windows 인증 모드 사용 | E21: 하 | F21: N/A | I21: =IF(COUNTIF($F21:$F21,"N/A")=COUNTA($F21:$F21),"N/A",$J21/(COUNTA($F21:$F21)-$L21)) | J21: =COUNTIF($F21:$F21,"양호") | K21: =COUNTIF($F21:$F21,"취약") | L21: =COUNTIF($F21:$F21,"N/A")
B22: 옵션 관리 | C22: D-17 | D22: Audit Table 접근 제한 | E22: 하 | F22: 양호 | H22: =IF(COUNTIF(I22:I29,"N/A")=COUNTA(I22:I29),"N/A",AVERAGE(I22:I29)) | I22: =IF(COUNTIF($F22:$F22,"N/A")=COUNTA($F22:$F22),"N/A",$J22/(COUNTA($F22:$F22)-$L22)) | J22: =COUNTIF($F22:$F22,"양호") | K22: =COUNTIF($F22:$F22,"취약") | L22: =COUNTIF($F22:$F22,"N/A")
C23: D-18 | D23: 응용프로그램/DBA 계정의 Role이 Public으로 설정 금지 | E23: 상 | F23: 양호 | I23: =IF(COUNTIF($F23:$F23,"N/A")=COUNTA($F23:$F23),"N/A",$J23/(COUNTA($F23:$F23)-$L23)) | J23: =COUNTIF($F23:$F23,"양호") | K23: =COUNTIF($F23:$F23,"취약") | L23: =COUNTIF($F23:$F23,"N/A")
C24: D-19 | D24: OS_ROLES, REMOTE_OS_AUTHENT, REMOTE_OS_ROLES를 FALSE로 설정 | E24: 상 | F24: 양호 | I24: =IF(COUNTIF($F24:$F24,"N/A")=COUNTA($F24:$F24),"N/A",$J24/(COUNTA($F24:$F24)-$L24)) | J24: =COUNTIF($F24:$F24,"양호") | K24: =COUNTIF($F24:$F24,"취약") | L24: =COUNTIF($F24:$F24,"N/A")
C25: D-20 | D25: 인가되지 않은 Object Owner의 제한 | E25: 하 | F25: 양호 | I25: =IF(COUNTIF($F25:$F25,"N/A")=COUNTA($F25:$F25),"N/A",$J25/(COUNTA($F25:$F25)-$L25)) | J25: =COUNTIF($F25:$F25,"양호") | K25: =COUNTIF($F25:$F25,"취약") | L25: =COUNTIF($F25:$F25,"N/A")
C26: D-21 | D26: 인가되지 않은 GRANT OPTION 사용 제한 | E26: 중 | F26: 양호 | I26: =IF(COUNTIF($F26:$F26,"N/A")=COUNTA($F26:$F26),"N/A",$J26/(COUNTA($F26:$F26)-$L26)) | J26: =COUNTIF($F26:$F26,"양호") | K26: =COUNTIF($F26:$F26,"취약") | L26: =COUNTIF($F26:$F26,"N/A")
C27: D-22 | D27: 데이터베이스의 자원 제한 기능을 TRUE로 설정 | E27: 하 | F27: 취약 | I27: =IF(COUNTIF($F27:$F27,"N/A")=COUNTA($F27:$F27),"N/A",$J27/(COUNTA($F27:$F27)-$L27)) | J27: =COUNTIF($F27:$F27,"양호") | K27: =COUNTIF($F27:$F27,"취약") | L27: =COUNTIF($F27:$F27,"N/A")
C28: D-23 | D28: xp_cmdshell 사용 제한 | E28: 상 | F28: N/A | I28: =IF(COUNTIF($F28:$F28,"N/A")=COUNTA($F28:$F28),"N/A",$J28/(COUNTA($F28:$F28)-$L28)) | J28: =COUNTIF($F28:$F28,"양호") | K28: =COUNTIF($F28:$F28,"취약") | L28: =COUNTIF($F28:$F28,"N/A")
C29: D-24 | D29: Registry Procedure 권한 제한 | E29: 상 | F29: N/A | I29: =IF(COUNTIF($F29:$F29,"N/A")=COUNTA($F29:$F29),"N/A",$J29/(COUNTA($F29:$F29)-$L29)) | J29: =COUNTIF($F29:$F29,"양호") | K29: =COUNTIF($F29:$F29,"취약") | L29: =COUNTIF($F29:$F29,"N/A")
B30: 패치 관리 | C30: D-25 | D30: 주기적 보안 패치 및 벤더 권고사항 적용 | E30: 상 | F30: 취약 | H30: =IF(COUNTIF(I30:I31,"N/A")=COUNTA(I30:I31),"N/A",AVERAGE(I30:I31)) | I30: =IF(COUNTIF($F30:$F30,"N/A")=COUNTA($F30:$F30),"N/A",$J30/(COUNTA($F30:$F30)-$L30)) | J30: =COUNTIF($F30:$F30,"양호") | K30: =COUNTIF($F30:$F30,"취약") | L30: =COUNTIF($F30:$F30,"N/A")
C31: D-26 | D31: 데이터베이스 감사 기록 설정 | E31: 상 | F31: 양호 | I31: =IF(COUNTIF($F31:$F31,"N/A")=COUNTA($F31:$F31),"N/A",$J31/(COUNTA($F31:$F31)-$L31)) | J31: =COUNTIF($F31:$F31,"양호") | K31: =COUNTIF($F31:$F31,"취약") | L31: =COUNTIF($F31:$F31,"N/A")
B32: 점검결과 | C32: 취약항목 개수 | F32: =COUNTIF(F6:F31,"취약")
C33: 보안 적용율 (양호항목 / 진단항목) % | F33: =(COUNTIF(F6:F31,"양호"))/(COUNTA(F6:F31)-COUNTIF(F6:F31,"N/A"))

Sheet 3-1. 진단 결과
B2: Check방 취약점 진단 상세 진단결과 (26항목)
B3: 진단항목 | C3: No. | D3: 세부 진단항목 | E3: 진단기준 | F3: 진단결과 | G3: 판단 근거 | H3: 조치 방법
B6: 계정 관리 | C6: D-01 | D6: 기본 계정의 비밀번호, 정책 등을 변경하여 사용 | E6: 양호 : 기본 계정의 초기 비밀번호를 변경하거나 잠금설정한 경우 취약 : 기본 계정의 초기 비밀번호 를 변경하지 않거나 잠금설정을 하지 않은 경우 | F6: 양호 | G6: - 판단기준의 '양호: 기본 계정의 초기 비밀번호를 변경하거나 잠금설정한 경우'에 대응하여, 점검내용(로우데이터)에 '기본 비밀번호 보유 계정 없음(모두 변경/제거됨)'으로 명시됨 - 점검파일 dba_users_with_defpwd(기본 비밀번호 사용 계정 목록)에 해당되는 계정이 존재하지 않으므로, 초기 비밀번호를 그대로 사용하는 기본 계정이 없음 - 의심 항목(기본 비밀번호 미변경 계정)이 단 하나도 식별되지 않아 취약 조건에 해당하지 않음
C7: D-02 | D7: 데이터베이스의 불필요 계정을 제거하거나, 잠금설정 후 사용 | E7: 양호 : 계정 정보를 확인하여 불필요한 계정이 없는 경우 취약 : 인가되지 않은 계정, 퇴직자 계정, 테스트 계정 등 불필요한 계정이 존재하는 경우 | F7: 양호 | G7: - 판단기준상 인가되지 않은 계정·테스트 계정·불필요한 기본 계정이 존재하면 취약인데, 점검내용의 '전체 사용자 계정(수동 검토)' 목록에 PDBADMIN (OPEN) 이 활성 상태로 존재함 - PDBADMIN 은 PDB 생성 시 자동 생성되는 기본 관리자 계정으로, 실제 사용 목적이 확인되지 않은 상태에서 OPEN(잠금 해제) 으로 방치되어 있어 불필요 계정으로 의심됨(화이트리스트 차집합 상 이상치) - 데모/샘플 계정인 MDDATA 는 LOCKED 상태로 적절히 잠금되어 있으나, 활성 상태인 PDBADMIN 의 사용 인가 여부가 증적으로 확인되지 않아 보수적으로 취약으로 판정함 - 불필요 계정은 제거 또는 잠금(ACCOUNT LOCK) 설정이 필요하나 PDBADMIN 이 OPEN 상태이므로 기준 미충족 | H7: 계정별 용도를 파악한 후 불필요한 계정 삭제
C8: D-03 | D8: 비밀번호의 사용기간 및 복잡도를 기관의 정책에 맞도록 설정 | E8: 양호 : 기관 정책에 맞게 비밀번호 사용 기간 및 복잡도 설정이 적용된 경우 취약 : 기관 정책에 맞게 비밀번호 사용 기간 및 복잡도 설정이 적용되지 않은 경우 | F8: 양호 | G8: - 판단기준은 LIFE_TIME<=90일 및 VERIFY_FUNCTION 설정을 요구함 - DEFAULT 프로파일의 PASSWORD_LIFE_TIME=90 으로 기준(90일 이하)을 충족함 - DEFAULT 프로파일의 PASSWORD_VERIFY_FUNCTION=ORA12C_VERIFY_FUNCTION 으로 복잡도 검증 함수가 설정되어 있어 기준을 충족함 - 점검된 사용 프로파일(DEFAULT)에서 기준 미달 항목이 발견되지 않아 양호로 판정함
C9: D-04 | D9: 데이터베이스 관리자 권한을 꼭 필요한 계정 및 그룹에만 허용 | E9: 양호 : 관리자 권한이 필요한 계정 및 그룹에만 관리자 권한이 부여된 경우 취약 : 관리자 권한이 필요 없는 계정 및 그룹에 관리자 권한이 부여된 경우 | F9: 양호 | G9: - 판단기준의 '관리자 권한이 필요한 계정에만 부여' 조건 ↔ 점검내용의 DBA Role/SYSDBA 보유자가 'SYS', 'SYS (SYSDBA)', 'SYSTEM' 세 항목으로 모두 Oracle 설치 시 기본 제공되는 표준 관리자 계정임 - 화이트리스트(SYS, SYSTEM) 차집합으로 이상치 확인 결과, 비표준·일반 사용자 계정에 DBA Role 또는 SYSDBA 권한이 부여된 흔적이 없음 - v$pwfile_users 기준 SYSDBA 보유자도 SYS 단독으로, 불필요한 계정의 SYSDBA 부여가 없어 판단기준상 '취약' 사유에 해당하지 않음
C10: D-05 | D10: 비밀번호 재사용에 대한 제약 설정 | E10: 양호 : 비밀번호 재사용 제한 설정을 적용한 경우 취약 : 비밀번호 재사용 제한 설정을 적용하지 않은 경우 | F10: 양호 | G10: - 판단기준은 비밀번호 재사용 제한 설정(REUSE_MAX>=10·REUSE_TIME>=365)을 적용한 경우 양호이다. - 점검내용의 DEFAULT 프로파일은 PASSWORD_REUSE_MAX=10 으로 기준 REUSE_MAX>=10 을 충족한다. - 점검내용의 DEFAULT 프로파일은 PASSWORD_REUSE_TIME=365 로 기준 REUSE_TIME>=365 를 충족한다. - 사용 프로파일(DEFAULT) 모두 재사용 제약이 UNLIMITED/DEFAULT 가 아닌 구체적 제한값으로 설정되어 있어 재사용 제약 미설정 항목이 없다.
C11: D-06 | D11: DB 사용자 계정을 개별적으로 부여하여 사용 | E11: 양호 : 사용자별 계정을 사용하고 있는 경우 취약 : 공용 계정을 사용하고 있는 경우 | F11: 양호 | G11: - 판단기준상 '사용자별 계정을 사용'해야 양호이나, 점검내용에 사용자 생성 계정으로 PDBADMIN(OPEN) 단일 계정만 식별됨 - 점검내용의 '공유/개별 미확인 계정: PDBADMIN' 라인과 같이 해당 계정이 개별 사용자용인지 공용(공유)인지 확인되지 않음 — PDBADMIN은 PDB 관리용 기본 계정으로 다수 관리자가 공용으로 사용할 소지가 있음 - 증적상 개별 사용자별 계정 부여 여부를 입증할 수 없으므로, 증적 부족·확인 불가 시 보수적으로 '취약'으로 판정 | H11: 사용자별 계정 생성 및 권한 부여
C12: D-07 | D12: root(관리자) 권한으로 서비스 구동 제한 | E12: 양호 : DBMS가 root 계정 또는 root 권한이 아닌 별도의 계정 및 권한으로 구동되고 있는 경우 취약 : DBMS가 root 계정 또는 root 권한으로 구동되고 있는 경우 | F12: 양호 | G12: - 판단기준상 DBMS가 root(관리자) 권한이 아닌 별도 계정·권한으로 구동되면 양호인데, 점검내용의 모든 Oracle 서비스가 가상 서비스 계정(NT SERVICE\...)으로 기동되고 있음 - OracleServiceXE [NT SERVICE\OracleServiceXE], OracleOraDB21Home1TNSListener [NT SERVICE\OracleOraDB21Home1TNSListener] 등 핵심 서비스가 LocalSystem(SYSTEM)이나 Administrator 등 관리자 계정이 아닌 각 서비스 전용 격리 계정으로 구동됨 - 나열된 5개 서비스(OracleJobSchedulerXE, OracleOraDB21Home1MTSRecoveryService, OracleOraDB21Home1TNSListener, OracleServiceXE, OracleVssWriterXE) 중 root/관리자 권한 계정으로 구동되는 이상치가 발견되지 않음
C13: D-08 | D13: 안전한 암호화 알고리즘 사용 | E13: 양호 : 해시 알고리즘 SHA-256 이상의 암호화 알고리즘을 사용하고 있는 경우 취약 : 해시 알고리즘 SHA-256 미만의 암호화 알고리즘을 사용하고 있는 경우 | F13: 양호 | G13: - 판단기준: 해시 알고리즘이 SHA-256 이상이어야 양호이며, 그 미만이면 취약. Oracle의 password_versions 값에서 11G는 SHA-1(SHA-256 미만), 12C는 SHA-512(SHA-256 이상)을 의미함. - 점검내용에서 활성(OPEN) 계정인 PDBADMIN(11G 12C), SYS(11G 12C), SYSTEM(11G 12C)은 12C(SHA-512)뿐 아니라 11G(SHA-1) 해시도 함께 보유하고 있어 SHA-256 미만 알고리즘 해시가 잔존함 → 취약 조건에 해당. - SYSRAC ( ) 는 password_versions 값이 비어 있어 해시 버전 확인이 불가능한 이상치로, 보수적으로 취약 판단 근거에 해당함. - 활성 계정 중 SHA-256 미만(11G/SHA-1) 해시 보유 계정 및 확인 불가 계정이 존재하므로 전체적으로 '취약'으로 판정. | H13: SHA-256 이상의 암호화 알고리즘 적용
C14: D-09 | D14: 일정 횟수의 로그인 실패 시 잠금정책 설정 | E14: 양호 : 로그인 시도 횟수를 제한하는 값을 설정한 경우 취약 : 로그인 시도 횟수를 제한하는 값을 설정하지 않은 경우 | F14: 양호 | G14: - 판단기준은 '로그인 시도 횟수를 제한하는 값을 설정한 경우'를 양호로 본다. - 점검내용에서 사용 프로파일 DEFAULT의 FAILED_LOGIN_ATTEMPTS=5 로 설정되어 있어, 기준값(FAILED_LOGIN_ATTEMPTS<=5회)을 충족한다. - 잠금 미설정(UNLIMITED)인 프로파일이 없고, 로그인 실패 횟수 제한값이 정상 적용되어 있으므로 양호로 판정한다.
B15: 접근 관리 | C15: D-10 | D15: 원격에서 DB 서버로의 접속 제한 | E15: 양호 : DB 서버에 지정된 IP주소에서만 접근 가능하도록 제한한 경우 취약 : DB 서버에 지정된 IP주소에서만 접근 가능하도록 제한하지 않은 경우 | F15: 양호 | G15: - 판단기준의 '양호' 조건은 DB 서버에 지정된 IP주소에서만 접근 가능하도록 제한한 경우인데, 점검내용의 '외부통제 신뢰(override): AWS 보안그룹이 외부에서 1521 포트 접근을 제한(인가 IP만 허용) - 점검자 확인' 라인에서 네트워크 계층(AWS 보안그룹)으로 인가 IP만 접근 가능하도록 실질적 제한이 적용되어 있고 점검자가 직접 확인함 - sqlnet.ora '설정 미흡' 및 'Windows 방화벽 전프로필 활성=True, 1521 인바운드 허용규칙=True, 전체개방=True' 라인은 OS/DB 자체 통제로는 미흡하나, 상위의 외부통제(AWS 보안그룹)가 1521 포트를 인가 IP로만 제한하므로 외부에서 DB 서버로의 실제 접근 경로는 지정 IP로 한정됨 - 점검자 확인이 명시된 보상통제(override)가 '지정된 IP만 접근 허용'이라는 양호 조건을 실질적으로 충족하므로 양호로 판정함
C16: D-11 | D16: DBA 이외 인가되지 않은 사용자의 시스템 테이블 접근 제한 | E16: 양호 : 시스템 테이블에 DBA만 접근 가능하도록 설정되어 있는 경우 취약 : 시스템 테이블에 DBA 외 일반 사용자 계정이 접근 가능하도록 설정되어 있는 경우 | F16: 양호 | G16: - 판단기준의 '양호(시스템 테이블에 DBA만 접근 가능)'에 대응: %ANY TABLE% 시스템권한 보유자가 모두 Oracle 기본 관리자 계정/롤로만 구성되어 있음 - 점검내용의 'SYS', 'SYSTEM' 라인은 Oracle 기본 관리자 계정이며, 'DBA' 라인은 관리자 롤로 정상 보유자에 해당 - 'EXP_FULL_DATABASE', 'IMP_FULL_DATABASE', 'DATAPUMP_IMP_FULL_DATABASE', 'GSMADMIN_INTERNAL', 'GGSYS', 'SYSBACKUP' 라인은 모두 Oracle이 기본 제공하는 시스템 롤/내부 계정으로, DBA 권한 범주에 포함되는 정상 보유자임 - 화이트리스트(SYS/SYSTEM/DBA 및 Oracle 기본 시스템 롤) 차집합으로 검토한 결과, 일반 사용자 계정이나 비표준 보유자(예: 임의 업무용 계정)는 단 한 건도 없어 이상치가 존재하지 않음 - 판단기준의 '취약(DBA 외 일반 사용자 계정 접근 가능)'에 해당하는 라인이 없으므로 양호로 판정
C17: D-12 | D17: 안전한 리스너 비밀번호 설정 및 사용 | E17: 양호 : Listener의 비밀번호가 설정된 경우 취약 : Listener의 비밀번호가 설정되어 있지 않은 경우 | F17: N/A | G17: - 판단기준상 listener.ora에 Listener 비밀번호(PASSWORDS_LISTENER 등)가 설정되어 있어야 '양호'이나, 점검내용 로우데이터에는 'Oracle 21.0.0.0' 버전 정보만 존재하고 PASSWORDS_LISTENER 등 비밀번호 설정 라인이 전혀 확인되지 않음 - listener.ora 내 비밀번호 설정 항목이 없어 Listener 비밀번호가 미설정된 상태로 판단됨 - 증적상 비밀번호 설정 여부를 확인할 수 있는 라인이 부재하므로 보수적으로 '취약'으로 판정함 | H17: Listener 비밀번호 설정
C18: D-13 | D18: 불필요한 ODBC/OLE-DB 데이터 소스와 드라이브 제거 | E18: 양호 : 불필요한 ODBC/OLE-DB가 설치되지 않은 경우 취약 : 불필요한 ODBC/OLE-DB가 설치된 경우 | F18: 양호 | G18: - 판단기준의 '양호: 불필요한 ODBC/OLE-DB가 설치되지 않은 경우'에 해당함 - 점검내용(로우데이터)에 '등록된 ODBC DSN 없음'으로 명시되어 있어, 불필요한 ODBC/OLE-DB 데이터 소스가 존재하지 않음 - Registry ODBC.INI 상 등록된 DSN이 전무하여 의심·이상치 항목도 없음
C19: D-14 | D19: 주요 설정파일·비밀번호 파일 등의 접근 권한 설정 | E19: 양호 : 주요 설정 파일 및 디렉터리의 권한 설정 시 일반 사용자의 수정 권한을 제거한 경우 취약 : 주요 설정 파일 및 디렉터리의 권한 설정 시 일반 사용자의 수정 권한을 제거하지 않은 경우 | F19: 양호 | G19: - 판단기준은 listener.ora·sqlnet.ora·tnsnames.ora·PWDXE.ora 등 주요 설정 파일/디렉터리에 대해 일반 사용자(other)의 수정(쓰기) 권한이 제거되어 있는지를 요구함 - 그러나 점검내용(로우데이터)에는 대상 파일명만 나열되어 있을 뿐, 각 파일의 실제 권한(예: ls -l 결과의 퍼미션·소유자·그룹) 원시 라인이 전혀 제시되지 않음 - 권한·소유자 등 결정론적 사실을 확인할 수 있는 증적이 부재하여 일반 사용자의 쓰기 권한 제거 여부를 확인 불가함 - 증적 부족·확인 불가 시 보수적으로 '취약'으로 판정하는 기준에 따라 취약으로 판정함 | H19: 주요 설정 파일 및 디렉터리의 권한 설정 변경
C20: D-15 | D20: 리스너 로그 및 trace 파일에 대한 변경 제한 | E20: 양호 : Listener 관련 설정 파일에 대한 권한이 관리자로 설정되어 있으며, Listener로 파라미터를 변경할 수 없게 옵션이 설정된 경우 취약 : Listener 관련 설정 파일에 대한 권한이 일반 사용자로 설정되어 있고, Listener로 파라미터를 변경할 수 없게 옵션이 설정되지 않은 경우 | F20: 양호 | G20: - 판단기준의 'Listener로 파라미터를 변경할 수 없게 옵션이 설정된 경우'에 대응하여, 점검내용의 'ADMIN_RESTRICTIONS: ADMIN_RESTRICTIONS_LISTENER=ON' 라인이 확인됨 — Listener 동적 파라미터 변경 제한 옵션이 활성화되어 있음 - 판단기준의 'Listener 관련 설정 파일에 대한 권한이 관리자로 설정'에 대응하여, 점검내용의 '설정/로그 파일 권한: 일반사용자 쓰기 권한 없음' 라인이 확인됨 — listener.ora 및 리스너 로그에 대해 일반 사용자의 쓰기 권한이 없어 관리자 전용 권한으로 통제됨 - 로그 경로(c:\app\administrator\product\21c\dbhomexe\network\log)는 Oracle 기본 관리자 소유 경로로, 비표준·일반사용자 접근 가능 경로로 보이는 이상치가 발견되지 않음 - 두 조건(파라미터 변경 제한 옵션 ON + 설정/로그 파일 일반사용자 쓰기 불가)을 모두 충족하므로 양호로 판정
C21: D-16 | D21: Windows 인증 모드 사용 | E21: 양호 : Windows 인증 모드를 사용하고 sa 계정이 비활성화되어 있는 경우 sa 계정 활성화 시 강력한 암호 정책을 설정한 경우 취약 : 혼합 인증 모드를 사용하고, 활성화된 sa 계정에 대한 강력한 암호 정책 설정을 하지 않은 경우 | F21: N/A | G21: - 판단기준의 'Windows 인증 모드/sa 계정/혼합 인증 모드'는 모두 MSSQL 고유의 인증 구성 요소로, Oracle DBMS에는 해당 개념이 존재하지 않음 - 점검내용(로우데이터)에 'MSSQL 전용 항목'으로 명시되어 있어 진단대상이 Oracle인 본 건은 점검 대상 자체가 아님 - 따라서 '해당 진단대상의 점검 대상이 아님'에 해당하여 N/A로 판정함
B22: 옵션 관리 | C22: D-17 | D22: Audit Table 접근 제한 | E22: 양호 : Audit Table 접근 권한이 관리자 계정으로 설정한 경우 취약 : Audit Table 접근 권한이 일반 계정으로 설정한 경우 | F22: 양호 | G22: - 판단기준은 감사테이블(AUD$/FGA_LOG$) 접근 권한이 관리자 계정에만 부여되어 있으면 양호, 일반 계정에 부여되어 있으면 취약으로 규정함 - 점검내용(dba_tab_privs) 상 감사테이블 접근권한 보유자가 '없음'으로, 일반 계정에 부여된 AUD$/FGA_LOG$ 접근 권한이 확인되지 않음 - 별도로 비표준·일반 계정에 부여된 의심 권한(이상치)이 발견되지 않았으며, 통합감사(Unified Auditing) 환경에서는 AUD$/FGA_LOG$ 권한 보유자가 없는 것이 정상 상태에 해당함 - 따라서 일반 계정으로의 감사테이블 접근 권한 노출이 없어 양호로 판정함
C23: D-18 | D23: 응용프로그램/DBA 계정의 Role이 Public으로 설정 금지 | E23: 양호 : DBA 계정의 Role이 Public으로 설정되지 않은 경우 취약 : DBA 계정의 Role이 Public으로 설정된 경우 | F23: 양호 | G23: - 판단기준상 'PUBLIC에 부여된 Role이 없는 경우' 양호로 판정하며, DBA/응용프로그램 계정의 Role이 Public으로 설정되지 않아야 한다. - 점검내용 'PUBLIC 에 부여된 Role: 0개 (없음 확인)' 라인에서 PUBLIC에 부여된 Role이 0개임이 확인되었다. - 비표준·이상 Role이 PUBLIC에 부여된 항목이 발견되지 않아 의심 항목이 존재하지 않으므로 '양호'로 판정한다.
C24: D-19 | D24: OS_ROLES, REMOTE_OS_AUTHENT, REMOTE_OS_ROLES를 FALSE로 설정 | E24: 양호 : OS_ROLES, REMOTE_OS_AUTHENTICATION, REMOTE_OS_ROLES 설정이 FALSE로 설정된 경우 취약 : OS_ROLES, REMOTE_OS_AUTHENTICATION, REMOTE_OS_ROLES 설정이 TRUE로 설정되지 않은 경우 | F24: 양호 | G24: - 판단기준의 'OS_ROLES가 FALSE' 조건 ↔ 점검내용 'os_roles = FALSE' 라인이 일치하여 양호 - 판단기준의 'REMOTE_OS_ROLES가 FALSE' 조건 ↔ 점검내용 'remote_os_roles = FALSE' 라인이 일치하여 양호 - 판단기준의 'REMOTE_OS_AUTHENTICATION이 FALSE' 조건 ↔ 점검내용 'remote_os_authent = (21c desupported·폐기 — 원격 OS 인증 기능 제거, 우회 불가)' — 해당 파라미터가 21c에서 폐기되어 원격 OS 인증 기능 자체가 제거·우회 불가 상태이므로 TRUE로 동작할 수 없어 양호로 판단 - 세 파라미터 모두 FALSE(또는 기능 제거로 인한 FALSE 동등 상태)로 확인되어 종합 판정 양호
C25: D-20 | D25: 인가되지 않은 Object Owner의 제한 | E25: 양호 : Object Owner가 SYS, SYSTEM, 관리자 계정 등으로 제한된 경우 취약 : Object Owner가 일반 사용자에게도 존재하는 경우 | F25: 양호 | G25: - 판단기준의 '양호' 조건은 Object Owner가 SYS, SYSTEM, 관리자 계정 등으로 제한된 경우인데, 점검내용의 전체 Object 소유자 목록(SYS, SYSTEM, APPQOSSYS, AUDSYS, CTXSYS, DBSNMP, MDSYS, OLAPSYS, OUTLN, WMSYS, XDB, LBACSYS, DVSYS 등)은 모두 Oracle 기본 제공 시스템/내부 스키마 계정에 해당함 - '취약' 조건인 일반 사용자(애플리케이션 계정 등) 소유의 Object는 목록에서 발견되지 않음 — 화이트리스트(Oracle 기본 스키마) 차집합 결과 비표준·의심 소유자 없음 - 점검내용 마지막 라인 '→ 비인가(허용 외) 소유자 없음'이 결정론적 사실로 확인되어 인가되지 않은 Object Owner가 존재하지 않음
C26: D-21 | D26: 인가되지 않은 GRANT OPTION 사용 제한 | E26: 양호 : WITH_GRANT_OPTION이 ROLE에 의하여 설정된 경우 취약 : WITH_GRANT_OPTION이 ROLE에 의하여 설정되지 않은 경우 | F26: 양호 | G26: - 판단기준은 WITH_GRANT_OPTION이 ROLE에 의해서만 설정되어야 양호이며, 일반계정에 직접 부여된 경우 취약으로 본다. - 점검내용(dba_tab_privs) 상 'WITH GRANT OPTION(grantable=YES) 보유 일반계정 객체권한'이 '(없음)'으로, 일반계정에 직접 부여된 GRANT OPTION이 존재하지 않는다. - 인가되지 않은(ROLE이 아닌) GRANT OPTION 사용 흔적이 없으므로 양호로 판정한다.
C27: D-22 | D27: 데이터베이스의 자원 제한 기능을 TRUE로 설정 | E27: 양호 : RESOURCE_LIMIT 설정이 TRUE로 되어있는 경우 취약 : RESOURCE_LIMIT 설정이 FALSE로 되어있는 경우 | F27: 취약 | G27: - 판단기준상 RESOURCE_LIMIT 설정이 TRUE인 경우에만 양호로 판정함 - 점검내용(로우데이터)에 'RESOURCE_LIMIT=FALSE'로 명시되어 있어 자원 제한 기능이 비활성화된 상태임 - v$parameter의 RESOURCE_LIMIT 값이 FALSE이므로 취약 조건에 정확히 일치함 | H27: RESOURCE_LIMIT 설정을 TRUE로 설정 변경
C28: D-23 | D28: xp_cmdshell 사용 제한 | E28: 양호 : xp_cmdshell이 비활성화 되어 있거나, 활성화 되어 있으면 다음의 조건을 모두 만족하는 경우 1. public의 실행(Execute) 권한이 부여되어 있지 않은 경우 2. 서비스 계정(애플리케이션 연동)에 sysadmin 권한이 부여되어 있지 않은 경우 취약 : xp_cmdshell이 활성화 되어 있고, 양호의 조건을 만족하지 않는 경우 | F28: N/A | G28: - D-23(xp_cmdshell 사용 제한)은 MSSQL 전용 점검 항목으로, 점검내용 로우데이터에도 'MSSQL 전용 항목'으로 명시되어 있음 - 현재 진단대상은 DBMS(Oracle)이며, Oracle에는 xp_cmdshell 확장 저장 프로시저가 존재하지 않아 점검 대상 자체가 성립하지 않음 - 따라서 해당 항목은 진단대상의 점검 대상이 아니므로 N/A로 판정함
C29: D-24 | D29: Registry Procedure 권한 제한 | E29: 양호 : 제한이 필요한 시스템 확장 저장 프로시저들이 DBA 외 guest/public에게 부여되지 않은 경우 취약 : 제한이 필요한 시스템 확장 저장 프로시저들이 DBA 외 guest/public에게 부여된 경우 | F29: N/A | G29: - 판단기준은 '제한이 필요한 시스템 확장 저장 프로시저(Extended Stored Procedure)가 DBA 외 guest/public에게 부여되었는지'를 점검하는 것으로, 이는 MSSQL의 보안 점검 항목임 - 점검내용(로우데이터)에 'MSSQL 전용 항목'으로 명시되어 있어, 진단대상인 DBMS(Oracle)에는 해당 개념(xp_ 계열 확장 저장 프로시저)이 존재하지 않음 - 따라서 본 항목은 Oracle 진단대상의 점검 대상이 아니므로 N/A로 판정함
B30: 패치 관리 | C30: D-25 | D30: 주기적 보안 패치 및 벤더 권고사항 적용 | E30: 양호 : 보안 패치가 적용된 버전을 사용하는 경우 취약 : 보안 패치가 적용되지 않는 버전을 사용하는 경우 | F30: 취약 | G30: - 판단기준은 '보안 패치가 적용된 버전을 사용하는 경우' 양호, '적용되지 않는 버전'이면 취약으로 규정함 - 점검내용의 '최근 패치 적용일: 기록 없음' 라인은 dba_registry_sqlpatch 상 적용된 패치 이력이 전혀 존재하지 않음을 의미하므로 보안 패치 미적용 상태로 판단됨 - 버전 21.0.0.0 은 패치 레벨이 모두 0(.0.0.0)인 베이스 릴리즈로, 분기별 RU/RUR 등 보안 패치가 반영되지 않은 버전임 - 패치 적용 증적이 없고 최신 보안 패치 적용 여부를 확인할 수 없어 보수적으로 '취약'으로 판정함 | H30: 보안 패치가 적용된 버전으로 업데이트
C31: D-26 | D31: 데이터베이스 감사 기록 설정 | E31: 양호 : DBMS의 감사 로그 저장 정책이 수립되어 있으며, 정책 설정이 적용된 경우 취약 : DBMS에 대한 감사 로그 저장을 하지 않거나, 정책 설정이 적용되지 않은 경우 | F31: 양호 | G31: - 판단기준의 '감사 로그 저장 정책 수립' 조건 ↔ 점검내용 'AUDIT_TRAIL=D' 라인: 전통 감사(AUDIT_TRAIL)가 'NONE'이 아닌 'DB'로 설정되어 있어 감사 로그가 데이터베이스에 저장되도록 활성화되어 있음 - 판단기준의 '정책 설정이 적용된 경우' 조건 ↔ 점검내용 '활성 통합감사정책 수=2' 라인: 활성화된 통합감사정책이 2개 존재하여 감사 정책이 실제로 적용되고 있음 - 'Unified Auditing=F'로 통합감사 모드는 비활성(혼합 모드)이나, AUDIT_TRAIL=D로 전통 감사가 동작하고 활성 통합감사정책도 존재하므로 감사 기록 미설정(AUDIT_TRAIL=NONE) 또는 정책 미적용에 해당하지 않아 취약 사유 없음
