Workbook

Sheet 0. 표지
K3: 문서번호 | L3: CHECKBANG-VA-2026-005
K4: 작성자 | L4: 취약점진단팀
K5: 보안등급 | L5: Confidential
K6: Ver | L6: ver 1.0
B11: "Check방" 취약점 진단
B13: DBMS 서버 진단 상세결과
B18: 46207

Sheet 1. 진단 대상
B1: ※ 진단 대상 리스트 - 서버 1대 (DBMS 1대)
B2: 순번 | C2: 진단 대상 | G2: 비고
C3: Hostname | D3: IP Address | E3: 버전정보 | F3: 용도
B4: Oracle
B5: 1 | C5: EC2AMAZ-305SBHT | D5: 10.0.152.148 | E5: Oracle Database 21c Express Edition (XE) | F5: DBMS | G5: Windows Server 2019 Base

Sheet 2-1. 요약결과(그래프)
F2: 항목별 양호 비율
B4: 진단 도메인 | C4: 평균 점수
B5: 1. 계정 관리 | C5: ='2-2. 요약 진단결과(Oracle)'!H6 -> 0.44444444
B6: 2. 접근 관리 | C6: ='2-2. 요약 진단결과(Oracle)'!H15 -> 0.6
B7: 3. 옵션 관리 | C7: ='2-2. 요약 진단결과(Oracle)'!H22 -> 1
B8: 4. 패치 관리 | C8: ='2-2. 요약 진단결과(Oracle)'!H30 -> 0.5
F16: 양호 / 취약 / N/A 비율
B18: 상태 | C18: 개수
B19: 양호 | C19: =SUM('2-2. 요약 진단결과(Oracle)'!J:J) -> 14
B20: 취약 | C20: =SUM('2-2. 요약 진단결과(Oracle)'!K:K) -> 8
B21: N/A | C21: =SUM('2-2. 요약 진단결과(Oracle)'!L:L) -> 4
F29: 영역별 취약 수
B31: 영역 | C31: 취약 수
B32: 1. 계정 관리 | C32: =SUM('2-2. 요약 진단결과(Oracle)'!K6:K14) -> 5
B33: 2. 접근 관리 | C33: =SUM('2-2. 요약 진단결과(Oracle)'!K15:K21) -> 2
B34: 3. 옵션 관리 | C34: =SUM('2-2. 요약 진단결과(Oracle)'!K22:K29) -> 0
B35: 4. 패치 관리 | C35: =SUM('2-2. 요약 진단결과(Oracle)'!K30:K31) -> 1

Sheet 2-2. 요약 진단결과(Oracle)
B2: Oracle 취약점 진단 요약결과(26항목)
B3: 진단항목 | C3: No. | D3: 세부 진단항목 | E3: 중 요 도 | F3: 1
F4: EC2AMAZ-305SBHT
F5: 10.0.152.148 | H5: 영역별점수 | I5: 점수 | J5: 양호 | K5: 취약 | L5: N/A
B6: 1. 계정 관리 | C6: D-01 | D6: 기본 계정의 비밀번호, 정책 등을 변경하여 사용 | E6: 상 | F6: 취약 | H6: =IF(COUNTIF(I6:I14,"N/A")=COUNTA(I6:I14),"N/A",AVERAGE(I6:I14)) -> 0.44444444 | I6: =IF(COUNTIF($F6:$F6,"N/A")=COUNTA($F6:$F6),"N/A",$J6/(COUNTA($F6:$F6)-$L6)) -> 0 | J6: =COUNTIF($F6:$F6,"양호") -> 0 | K6: =COUNTIF($F6:$F6,"취약") -> 1 | L6: =COUNTIF($F6:$F6,"N/A") -> 0
C7: D-02 | D7: 데이터베이스의 불필요 계정을 제거하거나, 잠금설정 후 사용 | E7: 상 | F7: 양호 | I7: =IF(COUNTIF($F7:$F7,"N/A")=COUNTA($F7:$F7),"N/A",$J7/(COUNTA($F7:$F7)-$L7)) -> 1 | J7: =COUNTIF($F7:$F7,"양호") -> 1 | K7: =COUNTIF($F7:$F7,"취약") -> 0 | L7: =COUNTIF($F7:$F7,"N/A") -> 0
C8: D-03 | D8: 비밀번호의 사용기간 및 복잡도를 기관의 정책에 맞도록 설정 | E8: 상 | F8: 취약 | I8: =IF(COUNTIF($F8:$F8,"N/A")=COUNTA($F8:$F8),"N/A",$J8/(COUNTA($F8:$F8)-$L8)) -> 0 | J8: =COUNTIF($F8:$F8,"양호") -> 0 | K8: =COUNTIF($F8:$F8,"취약") -> 1 | L8: =COUNTIF($F8:$F8,"N/A") -> 0
C9: D-04 | D9: 데이터베이스 관리자 권한을 꼭 필요한 계정 및 그룹에 대해서만 허용 | E9: 상 | F9: 취약 | I9: =IF(COUNTIF($F9:$F9,"N/A")=COUNTA($F9:$F9),"N/A",$J9/(COUNTA($F9:$F9)-$L9)) -> 0 | J9: =COUNTIF($F9:$F9,"양호") -> 0 | K9: =COUNTIF($F9:$F9,"취약") -> 1 | L9: =COUNTIF($F9:$F9,"N/A") -> 0
C10: D-05 | D10: 비밀번호 재사용에 대한 제약 설정 | E10: 중 | F10: 취약 | I10: =IF(COUNTIF($F10:$F10,"N/A")=COUNTA($F10:$F10),"N/A",$J10/(COUNTA($F10:$F10)-$L10)) -> 0 | J10: =COUNTIF($F10:$F10,"양호") -> 0 | K10: =COUNTIF($F10:$F10,"취약") -> 1 | L10: =COUNTIF($F10:$F10,"N/A") -> 0
C11: D-06 | D11: DB 사용자 계정을 개별적으로 부여하여 사용 | E11: 중 | F11: 취약 | I11: =IF(COUNTIF($F11:$F11,"N/A")=COUNTA($F11:$F11),"N/A",$J11/(COUNTA($F11:$F11)-$L11)) -> 0 | J11: =COUNTIF($F11:$F11,"양호") -> 0 | K11: =COUNTIF($F11:$F11,"취약") -> 1 | L11: =COUNTIF($F11:$F11,"N/A") -> 0
C12: D-07 | D12: root 권한으로 서비스 구동 제한 | E12: 중 | F12: 양호 | I12: =IF(COUNTIF($F12:$F12,"N/A")=COUNTA($F12:$F12),"N/A",$J12/(COUNTA($F12:$F12)-$L12)) -> 1 | J12: =COUNTIF($F12:$F12,"양호") -> 1 | K12: =COUNTIF($F12:$F12,"취약") -> 0 | L12: =COUNTIF($F12:$F12,"N/A") -> 0
C13: D-08 | D13: 안전한 암호화 알고리즘 사용 | E13: 상 | F13: 양호 | I13: =IF(COUNTIF($F13:$F13,"N/A")=COUNTA($F13:$F13),"N/A",$J13/(COUNTA($F13:$F13)-$L13)) -> 1 | J13: =COUNTIF($F13:$F13,"양호") -> 1 | K13: =COUNTIF($F13:$F13,"취약") -> 0 | L13: =COUNTIF($F13:$F13,"N/A") -> 0
C14: D-09 | D14: 일정 횟수의 로그인 실패 시 이에 대한 잠금정책 설정 | E14: 중 | F14: 양호 | I14: =IF(COUNTIF($F14:$F14,"N/A")=COUNTA($F14:$F14),"N/A",$J14/(COUNTA($F14:$F14)-$L14)) -> 1 | J14: =COUNTIF($F14:$F14,"양호") -> 1 | K14: =COUNTIF($F14:$F14,"취약") -> 0 | L14: =COUNTIF($F14:$F14,"N/A") -> 0
B15: 2. 접근 관리 | C15: D-10 | D15: 원격에서 DB 서버로의 접속 제한 | E15: 상 | F15: 취약 | H15: =IF(COUNTIF(I15:I21,"N/A")=COUNTA(I15:I21),"N/A",AVERAGE(I15:I21)) -> 0.6 | I15: =IF(COUNTIF($F15:$F15,"N/A")=COUNTA($F15:$F15),"N/A",$J15/(COUNTA($F15:$F15)-$L15)) -> 0 | J15: =COUNTIF($F15:$F15,"양호") -> 0 | K15: =COUNTIF($F15:$F15,"취약") -> 1 | L15: =COUNTIF($F15:$F15,"N/A") -> 0
C16: D-11 | D16: DBA 이외의 인가되지 않은 사용자가 시스템 테이블에 접근할 수 없도록 설정 | E16: 상 | F16: 양호 | I16: =IF(COUNTIF($F16:$F16,"N/A")=COUNTA($F16:$F16),"N/A",$J16/(COUNTA($F16:$F16)-$L16)) -> 1 | J16: =COUNTIF($F16:$F16,"양호") -> 1 | K16: =COUNTIF($F16:$F16,"취약") -> 0 | L16: =COUNTIF($F16:$F16,"N/A") -> 0
C17: D-12 | D17: 안전한 리스너 비밀번호 설정 및 사용 | E17: 상 | F17: N/A | I17: =IF(COUNTIF($F17:$F17,"N/A")=COUNTA($F17:$F17),"N/A",$J17/(COUNTA($F17:$F17)-$L17)) -> N/A | J17: =COUNTIF($F17:$F17,"양호") -> 0 | K17: =COUNTIF($F17:$F17,"취약") -> 0 | L17: =COUNTIF($F17:$F17,"N/A") -> 1
C18: D-13 | D18: 불필요한 ODBC/OLE-DB 데이터 소스와 드라이브를 제거하여 사용 | E18: 중 | F18: 양호 | I18: =IF(COUNTIF($F18:$F18,"N/A")=COUNTA($F18:$F18),"N/A",$J18/(COUNTA($F18:$F18)-$L18)) -> 1 | J18: =COUNTIF($F18:$F18,"양호") -> 1 | K18: =COUNTIF($F18:$F18,"취약") -> 0 | L18: =COUNTIF($F18:$F18,"N/A") -> 0
C19: D-14 | D19: 데이터베이스의 주요 설정파일, 비밀번호 파일 등과 같은 주요 파일들의 접근 권한이 적절하게 설정 | E19: 중 | F19: 양호 | I19: =IF(COUNTIF($F19:$F19,"N/A")=COUNTA($F19:$F19),"N/A",$J19/(COUNTA($F19:$F19)-$L19)) -> 1 | J19: =COUNTIF($F19:$F19,"양호") -> 1 | K19: =COUNTIF($F19:$F19,"취약") -> 0 | L19: =COUNTIF($F19:$F19,"N/A") -> 0
C20: D-15 | D20: 관리자 이외의 사용자가 오라클 리스너의 접속을 통해 리스너 로그 및 trace 파일에 대한 변경 제한 | E20: 하 | F20: 취약 | I20: =IF(COUNTIF($F20:$F20,"N/A")=COUNTA($F20:$F20),"N/A",$J20/(COUNTA($F20:$F20)-$L20)) -> 0 | J20: =COUNTIF($F20:$F20,"양호") -> 0 | K20: =COUNTIF($F20:$F20,"취약") -> 1 | L20: =COUNTIF($F20:$F20,"N/A") -> 0
C21: D-16 | D21: Windows 인증 모드 사용 | E21: 하 | F21: N/A | I21: =IF(COUNTIF($F21:$F21,"N/A")=COUNTA($F21:$F21),"N/A",$J21/(COUNTA($F21:$F21)-$L21)) -> N/A | J21: =COUNTIF($F21:$F21,"양호") -> 0 | K21: =COUNTIF($F21:$F21,"취약") -> 0 | L21: =COUNTIF($F21:$F21,"N/A") -> 1
B22: 3. 옵션 관리 | C22: D-17 | D22: Audit Table은 데이터베이스 관리자 계정에 접근하도록 제한 | E22: 하 | F22: 양호 | H22: =IF(COUNTIF(I22:I29,"N/A")=COUNTA(I22:I29),"N/A",AVERAGE(I22:I29)) -> 1 | I22: =IF(COUNTIF($F22:$F22,"N/A")=COUNTA($F22:$F22),"N/A",$J22/(COUNTA($F22:$F22)-$L22)) -> 1 | J22: =COUNTIF($F22:$F22,"양호") -> 1 | K22: =COUNTIF($F22:$F22,"취약") -> 0 | L22: =COUNTIF($F22:$F22,"N/A") -> 0
C23: D-18 | D23: 응용프로그램 또는 DBA 계정의 Role이 Public으로 설정되지 않도록 조정 | E23: 상 | F23: 양호 | I23: =IF(COUNTIF($F23:$F23,"N/A")=COUNTA($F23:$F23),"N/A",$J23/(COUNTA($F23:$F23)-$L23)) -> 1 | J23: =COUNTIF($F23:$F23,"양호") -> 1 | K23: =COUNTIF($F23:$F23,"취약") -> 0 | L23: =COUNTIF($F23:$F23,"N/A") -> 0
C24: D-19 | D24: OS_ROLES, REMOTE_OS_AUTHENTICATION, REMOTE_OS_ROLES를 FALSE로 설정 | E24: 상 | F24: 양호 | I24: =IF(COUNTIF($F24:$F24,"N/A")=COUNTA($F24:$F24),"N/A",$J24/(COUNTA($F24:$F24)-$L24)) -> 1 | J24: =COUNTIF($F24:$F24,"양호") -> 1 | K24: =COUNTIF($F24:$F24,"취약") -> 0 | L24: =COUNTIF($F24:$F24,"N/A") -> 0
C25: D-20 | D25: 인가되지 않은 Object owner의 제한 | E25: 하 | F25: 양호 | I25: =IF(COUNTIF($F25:$F25,"N/A")=COUNTA($F25:$F25),"N/A",$J25/(COUNTA($F25:$F25)-$L25)) -> 1 | J25: =COUNTIF($F25:$F25,"양호") -> 1 | K25: =COUNTIF($F25:$F25,"취약") -> 0 | L25: =COUNTIF($F25:$F25,"N/A") -> 0
C26: D-21 | D26: 인가되지 않은 GRANT OPTION 사용 제한 | E26: 중 | F26: 양호 | I26: =IF(COUNTIF($F26:$F26,"N/A")=COUNTA($F26:$F26),"N/A",$J26/(COUNTA($F26:$F26)-$L26)) -> 1 | J26: =COUNTIF($F26:$F26,"양호") -> 1 | K26: =COUNTIF($F26:$F26,"취약") -> 0 | L26: =COUNTIF($F26:$F26,"N/A") -> 0
C27: D-22 | D27: 데이터베이스의 자원 제한 기능을 TRUE로 설정 | E27: 하 | F27: 양호 | I27: =IF(COUNTIF($F27:$F27,"N/A")=COUNTA($F27:$F27),"N/A",$J27/(COUNTA($F27:$F27)-$L27)) -> 1 | J27: =COUNTIF($F27:$F27,"양호") -> 1 | K27: =COUNTIF($F27:$F27,"취약") -> 0 | L27: =COUNTIF($F27:$F27,"N/A") -> 0
C28: D-23 | D28: xp_cmdshell 사용 제한 | E28: 상 | F28: N/A | I28: =IF(COUNTIF($F28:$F28,"N/A")=COUNTA($F28:$F28),"N/A",$J28/(COUNTA($F28:$F28)-$L28)) -> N/A | J28: =COUNTIF($F28:$F28,"양호") -> 0 | K28: =COUNTIF($F28:$F28,"취약") -> 0 | L28: =COUNTIF($F28:$F28,"N/A") -> 1
C29: D-24 | D29: Registry Procedure 권한 제한 | E29: 상 | F29: N/A | I29: =IF(COUNTIF($F29:$F29,"N/A")=COUNTA($F29:$F29),"N/A",$J29/(COUNTA($F29:$F29)-$L29)) -> N/A | J29: =COUNTIF($F29:$F29,"양호") -> 0 | K29: =COUNTIF($F29:$F29,"취약") -> 0 | L29: =COUNTIF($F29:$F29,"N/A") -> 1
B30: 4. 패치 관리 | C30: D-25 | D30: 주기적 보안 패치 및 벤더 권고 사항 적용 | E30: 상 | F30: 취약 | H30: =IF(COUNTIF(I30:I31,"N/A")=COUNTA(I30:I31),"N/A",AVERAGE(I30:I31)) -> 0.5 | I30: =IF(COUNTIF($F30:$F30,"N/A")=COUNTA($F30:$F30),"N/A",$J30/(COUNTA($F30:$F30)-$L30)) -> 0 | J30: =COUNTIF($F30:$F30,"양호") -> 0 | K30: =COUNTIF($F30:$F30,"취약") -> 1 | L30: =COUNTIF($F30:$F30,"N/A") -> 0
C31: D-26 | D31: 데이터베이스의 접근, 변경, 삭제 등의 감사 기록이 기관의 감사 기록 정책에 적합하도록 설정 | E31: 상 | F31: 양호 | I31: =IF(COUNTIF($F31:$F31,"N/A")=COUNTA($F31:$F31),"N/A",$J31/(COUNTA($F31:$F31)-$L31)) -> 1 | J31: =COUNTIF($F31:$F31,"양호") -> 1 | K31: =COUNTIF($F31:$F31,"취약") -> 0 | L31: =COUNTIF($F31:$F31,"N/A") -> 0
B32: 점검결과 | C32: 취약항목 개수 | F32: =COUNTIF(F$6:F$31, "취약") -> 8
C33: 보안 적용율 (양호항목 / 진단항목) % | F33: =(COUNTIF(F$6:F$31,"양호"))/(COUNTA(F$6:F$31)-COUNTIF(F$6:F$31,"N/A")) -> 0.63636364

Sheet 3-1. 진단 결과(Oracle)
B2: Oracle 취약점 진단 상세결과(26항목)
B3: 진단항목 | C3: No. | D3: 세부 진단항목 | E3: 진단기준 | F3: 1 | G3: ='1. 진단 대상'!B5 -> 1
G4: ='1. 진단 대상'!C5 -> EC2AMAZ-305SBHT
G5: ='1. 진단 대상'!F5 -> DBMS
B6: 1. 계정관리 | C6: D-01 | D6: 기본 계정의 비밀번호, 정책 등을 변경하여 사용 | E6: 양호: 기본 계정의 초기 비밀번호를 변경하거나 잠금설정한 경우 취약: 기본 계정의 초기 비밀번호를 변경하지 않거나 잠금설정을 하지 않은 경우 | F6: 취약 | R6: z
C7: D-02 | D7: 데이터베이스의 불필요 계정을 제거하거나, 잠금설정 후 사용 | E7: 양호: 계정 정보를 확인하여 불필요한 계정이 없는 경우 취약: 인가되지 않은 계정, 퇴직자 계정, 테스트 계정 등 불필요한 계정이 존재하는 경우 | F7: 양호
C8: D-03 | D8: 비밀번호의 사용기간 및 복잡도를 기관의 정책에 맞도록 설정 | E8: 양호: 기관 정책에 맞게 비밀번호 사용 기간 및 복잡도 설정이 적용된 경우 취약: 기관 정책에 맞게 비밀번호 사용 기간 및 복잡도 설정이 적용되지 않은 경우 | F8: 취약
C9: D-04 | D9: 데이터베이스 관리자 권한을 꼭 필요한 계정 및 그룹에 대해서만 허용 | E9: 양호: 관리자 권한이 필요한 계정 및 그룹에만 관리자 권한이 부여된 경우 취약: 관리자 권한이 필요 없는 계정 및 그룹에 관리자 권한이 부여된 경우 | F9: 취약
C10: D-05 | D10: 비밀번호 재사용에 대한 제약 설정 | E10: 양호: 비밀번호 재사용 제한 설정을 적용한 경우 취약: 비밀번호 재사용 제한 설정을 적용하지 않은 경우 | F10: 취약
C11: D-06 | D11: DB 사용자 계정을 개별적으로 부여하여 사용 | E11: 양호: 사용자별 계정을 사용하고 있는 경우 취약: 공용 계정을 사용하고 있는 경우 | F11: 취약
C12: D-07 | D12: root 권한으로 서비스 구동 제한 | E12: 양호: DBMS가 root 계정 또는 root 권한이 아닌 별도의 계정 및 권한으로 구동되고 있는 경우 취약: DBMS가 root 계정 또는 root 권한으로 구동되고 있는 경우 | F12: 양호
C13: D-08 | D13: 안전한 암호화 알고리즘 사용 | E13: 양호: 해시 알고리즘 SHA-256 이상의 암호화 알고리즘을 사용하고 있는 경우 취약: 해시 알고리즘 SHA-256 미만의 암호화 알고리즘을 사용하고 있는 경우 | F13: 양호
C14: D-09 | D14: 일정 횟수의 로그인 실패 시 이에 대한 잠금정책 설정 | E14: 양호: 로그인 시도 횟수를 제한하는 값을 설정한 경우 취약: 로그인 시도 횟수를 제한하는 값을 설정하지 않은 경우 | F14: 양호
B15: 2. 접근 관리 | C15: D-10 | D15: 원격에서 DB 서버로의 접속 제한 | E15: 양호: DB 서버에 지정된 IP주소에서만 접근 가능하도록 제한한 경우 취약: DB 서버에 지정된 IP주소에서만 접근 가능하도록 제한하지 않은 경우 | F15: 취약
C16: D-11 | D16: DBA 이외의 인가되지 않은 사용자가 시스템 테이블에 접근할 수 없도록 설정 | E16: 양호: 시스템 테이블에 DBA만 접근 가능하도록 설정되어 있는 경우 취약: 시스템 테이블에 DBA 외 일반 사용자 계정이 접근 가능하도록 설정되어 있는 경우 | F16: 양호
C17: D-12 | D17: 안전한 리스너 비밀번호 설정 및 사용 | E17: 양호: Listener의 비밀번호가 설정된 경우 취약: Listener의 비밀번호가 설정되어 있지 않은 경우 | F17: N/A | G17: Oracle 12c release 2 이후 버전은 Listener 비밀번호 설정을 지원하지 않으므로 해당사항 없음
C18: D-13 | D18: 불필요한 ODBC/OLE-DB 데이터 소스와 드라이브를 제거하여 사용 | E18: 양호: 불필요한 ODBC/OLE-DB가 설치되지 않은 경우 취약: 불필요한 ODBC/OLE-DB가 설치된 경우 | F18: 양호
C19: D-14 | D19: 데이터베이스의 주요 설정파일, 비밀번호 파일 등과 같은 주요 파일들의 접근 권한이 적절하게 설정 | E19: 양호: 주요 설정 파일 및 디렉터리의 권한 설정 시 일반 사용자의 수정 권한을 제거한 경우 취약: 주요 설정 파일 및 디렉터리의 권한 설정 시 일반 사용자의 수정 권한을 제거하지 않은 경우 | F19: 양호
C20: D-15 | D20: 관리자 이외의 사용자가 오라클 리스너의 접속을 통해 리스너 로그 및 trace 파일에 대한 변경 제한 | E20: 양호: Listener 관련 설정 파일에 대한 권한이 관리자로 설정되어 있으며, Listener로 파라미터를 변경할 수 없게 옵션이 설정된 경우 취약: Listener 관련 설정 파일에 대한 권한이 일반 사용자로 설정되어 있고, Listener로 파라미터를 변경할 수 없게 옵션이 설정되지 않은 경우 | F20: 취약
C21: D-16 | D21: Windows 인증 모드 사용 | E21: 양호: Windows 인증 모드를 사용하고 sa 계정이 비활성화되어 있는 경우 sa 계정 활성화 시 강력한 암호 정책을 설정한 경우 취약: 혼합 인증 모드를 사용하고, 활성화된 sa 계정에 대한 강력한 암호 정책 설정을 하지 않은 경우 | F21: N/A | G21: Oracle 환경으로 진단 대상이 아님
B22: 3. 옵션 관리 | C22: D-17 | D22: Audit Table은 데이터베이스 관리자 계정에 접근하도록 제한 | E22: 양호: Audit Table 접근 권한이 관리자 계정으로 설정한 경우 취약: Audit Table 접근 권한이 일반 계정으로 설정한 경우 | F22: 양호
C23: D-18 | D23: 응용프로그램 또는 DBA 계정의 Role이 Public으로 설정되지 않도록 조정 | E23: 양호: DBA 계정의 Role이 Public으로 설정되지 않은 경우 취약: DBA 계정의 Role이 Public으로 설정된 경우 | F23: 양호
C24: D-19 | D24: OS_ROLES, REMOTE_OS_AUTHENTICATION, REMOTE_OS_ROLES를 FALSE로 설정 | E24: 양호: OS_ROLES, REMOTE_OS_AUTHENTICATION, REMOTE_OS_ROLES 설정이 FALSE로 설정된 경우 취약: OS_ROLES, REMOTE_OS_AUTHENTICATION, REMOTE_OS_ROLES 설정이 TRUE로 설정되지 않은 경우 | F24: 양호
C25: D-20 | D25: 인가되지 않은 Object owner의 제한 | E25: 양호 - Object Owner가 SYS, SYSTEM, 관리자 계정 등으로 제한된 경우 취약: Object Owner가 일반 사용자에게도 존재하는 경우 | F25: 양호
C26: D-21 | D26: 인가되지 않은 GRANT OPTION 사용 제한 | E26: 양호: WITH_GRANT_OPTION이 ROLE에 의하여 설정된 경우 취약: WITH_GRANT_OPTION이 ROLE에 의하여 설정되지 않은 경우 | F26: 양호
C27: D-22 | D27: 데이터베이스의 자원 제한 기능을 TRUE로 설정 | E27: 양호: RESOURCE_LIMIT 설정이 TRUE로 되어있는 경우 취약: RESOURCE_LIMIT 설정이 FALSE로 되어있는 경우 | F27: 양호
C28: D-23 | D28: xp_cmdshell 사용 제한 | E28: 양호: xp_cmdshell이 비활성화 되어 있거나, 활성화 되어 있으면 다음의 조건을 모두 만족하는 경우 1. public의 실행(Execute) 권한이 부여되어 있지 않은 경우 2. 서비스 계정(애플리케이션 연동)에 sysadmin 권한이 부여되어 있지 않은 경우 취약: xp_cmdshell이 활성화 되어 있고, 양호의 조건을 만족하지 않는 경우 | F28: N/A | G28: Oracle 환경으로 진단 대상이 아님
C29: D-24 | D29: Registry Procedure 권한 제한 | E29: 양호: 제한이 필요한 시스템 확장 저장 프로시저들이 DBA 외 guest/public에게 부여되지 않은 경우 취약: 제한이 필요한 시스템 확장 저장 프로시저들이 DBA 외 guest/public에게 부여된 경우 | F29: N/A | G29: Oracle 환경으로 진단 대상이 아님
B30: 4. 패치 관리 | C30: D-25 | D30: 주기적 보안 패치 및 벤더 권고 사항 적용 | E30: 양호: 보안 패치가 적용된 버전을 사용하는 경우 취약: 보안 패치가 적용되지 않는 버전을 사용하는 경우 | F30: 취약
C31: D-26 | D31: 데이터베이스의 접근, 변경, 삭제 등의 감사 기록이 기관의 감사 기록 정책에 적합하도록 설정 | E31: 양호: DBMS의 감사 로그 저장 정책이 수립되어 있으며, 정책 설정이 적용된 경우 취약: DBMS에 대한 감사 로그 저장을 하지 않거나, 정책 설정이 적용되지 않은 경우 | F31: 양호
